Tags,Freq
softwaredev,7095
newtech,6205
computer-programming,5879
web-development,5388
web,5302
opensource,4632
technology,4057
entrepreneurship,3713
mobile-development,3670
big-data,3468
mobile-technology,3314
webdesign,2903
technology-startups,2864
startup-businesses,2646
data-analytics,2447
cloud-computing,2312
javascript,2169
internetpro,2009
ios-development,1822
data-visualization,1789
big-data-analytics,1776
machine-learning,1634
data-science,1559
predictive-analytics,1554
android-developers,1547
professional-networking,1425
user-experience,1412
data-mining,1393
edtech,1187
internet-startups,1115
html5,1103
agile-project-management,1102
hadoop,1091
python,1056
online-marketing,1041
technology-professionals,1031
innovation,1028
robotics,1008
hacking,1006
businessintell,989
java,978
lean-startup,973
ixd,942
business-strategy,941
devops,931
socialnetwork,917
ux-design,891
nosql,870
information-technology,847
programming-languages,844
electronics,806
makers,798
linux,779
php,768
social-media,759
it-professionals,752
3d-printing,744
javascript-frameworks,742
saas-software-as-a-service,734
makerspaces,697
productdesign,695
datamanagement,693
ruby,693
cms,689
ruby-on-rails,670
graphicdesign,638
arduino,633
internet-of-things,626
social-media-marketing,617
new-product-development-software-tech,615
seo-search-engine-optimization,614
sysadmin,609
high-scalability-computing,592
databasepro,580
ios,579
functional-programming,566
computer-security,563
information-security,557
business-analytics,544
diy,538
virtualization,533
mobile-user-experience,528
software-engineering,528
usability,502
dotnet,499
css,494
nodejs,489
marketing,484
mapreduce,477
database-development,470
webstandards,469
ui-design,462
iaas-infrastructure-as-a-service,455
smallbiz,445
gamedev,439
venture-capital,432
computer-science,427
paas,422
microcontroller,421
business-entrepreneur-networking,418
prodev,410
information-technology-in-business,406
witi,406
digital-media,401
internet-ecommerce,401
newmedia,401
product-development,398
network-security,394
cloud-security,384
data-center-and-operations-automation,379
women-entrepreneurs,374
scrum,372
test-driven-development,369
product-management,358
front-end-development,350
content-strategy,348
objective-c,346
user-research,334
mysql,333
3d-modeling,331
android,329
jquery,329
new-york-city,329
ria,328
continuous-delivery,319
infrastructure-as-code,317
iphone,313
javascript-libraries,313
self-improvement,310
wearable-technologies,306
leveraging-big-data,299
mobile-marketing,296
software-qa-and-testing,295
configuration-management,290
openstack,290
wordpress,290
web-application-security,279
blogs,278
game-design,277
bitcoin,273
docker,268
scala,263
web-security,263
healthcare-innovation,261
search-engine-marketing,253
apis,246
applied-statistics,242
virtual-reality,242
software-security,240
test-automation,240
content-management,238
agile-coaching,237
angularjs,234
digital-marketing,232
web-analytics,232
augmented-reality,230
hardware,226
projectmgmt,225
lampsoftware,223
csharp,221
social,221
gameprog,220
sql,220
ecommerce-technology,217
microsoft-technology,217
software-product-management,217
drupal,215
healthcare-it,214
engineering,212
cybersecurity,210
small-business-marketing-strategy,210
amazon-web-services,209
r-project-for-statistical-computing,209
user-interface-design,205
kanban,203
mongodb,202
open-data,202
user-experience-design,202
javascript-applications,201
django,199
future,199
microsft,199
analytics,196
independent-game-development,195
html,194
software-quality,194
google,193
open-source-hardware,189
ethical-hacker,186
media,186
cryptocurrency,185
education,184
hardware-engineering,184
nonprofit,184
whitehat,184
web-performance,182
continuous-integration,180
biotechnology,177
coders,174
data,173
small-business-technology,172
agile-testing,171
apache-spark,171
tech-talks,171
clojure,170
quality-assurance,170
unix,170
digital-currency,167
natural-language-processing,166
application-security,165
angel-investors,163
operations-and-data-center-management,162
sqlserver,162
medical-device-technology,161
apache,160
data-warehouses,160
health-information-technology,159
advertising,156
distributed-systems,156
diy-technology,156
lean-project-management,153
data-analysis-and-modeling,152
smart-sensors,152
software-testing,152
text-analytics,152
agile-transformation,151
apple,150
mobile-app-development,150
erlang-programming,149
finance,149
software-architecture,149
indie-games,148
social-entrepreneurship,147
business-intelligence-best-practices,146
data-warehousing,146
mswindows,146
web-application-development,146
embedded-systems,145
journalism,145
video-game-design,145
mobile-game-development,144
technology-security-audits,144
financial-technology,143
transhumanism,143
windows-azure-platform,143
etl,142
mobile-web,142
sustainability,141
web-programmers,141
learning,140
online-advertising,138
ecommerce-marketing,137
science,137
hackathons,136
content-strategy-and-seo,135
iphone-ipad-ios-developers,135
quantified-self,135
virtual-currency,133
cryptography,132
social-innovation,132
big-data-for-social-media,131
video-game-development,131
volunteering,131
agile-leadership,130
haskell,130
algorithms,129
art,129
ibm,129
lisp,129
testing-tools,129
high-performance-computing,128
deep-learning,125
healthy-living,125
swift-language,124
women-in-tech,123
3d-artists,122
application-development,122
growth-hacking,122
hackathon,122
oculus-rift,122
startup-incubation-and-entrepreneurship-mentors,122
womens-empowerment,122
ipad,121
network-engineering,119
collaboration,118
lean-ux,117
webcomm,117
cocoa,116
google-technology-user-group,116
wellness,116
boston-artists,115
digital-publishing,115
paas-platform-as-a-service,115
statistical-computing,115
hackers-and-makers,114
it-infrastructure,114
craftswap,113
raspberry-pi,113
selenium,113
cassandra,112
css3,112
fashion-and-style,112
online-retailers,112
virtual-worlds,112
human-computer-interaction,111
iphone-app-marketing,111
videogame,111
3d-animation,110
creative,110
ebizowners,110
sdn,110
semweb,110
statistics-and-data-analysis,110
golang,109
neuroscience,109
software-defined-networking,109
user-group,109
wearables,109
marketing-strategy,108
fintech,107
unity-3d,107
m2m,106
healthcare-professionals,105
nyc-tech-startup-networking,105
artificial-intelligence-applications,104
computer,104
content-marketing,104
digital-marketing-strategy,104
professional-women,104
software-design,104
whats-new-with-big-data,103
collaboration-between-creative-minds,102
computer-vision,102
gis,102
gui,102
vr-glasses,102
e-commerce-business,101
microsoft-sharepoint-technology,101
web-application,101
beginner-ios-developers,100
coworking,100
entarchitecture,100
mobile-health,100
python-web-development,100
r-users-group,100
investing,99
leadership,99
responsive-web-design,99
twitter,99
nonprofit-technology,98
real-time-analytics,98
basics-of-iphone-app-development,97
linked-data,97
mobile-design,97
architecture,96
digital-health,96
internet-technology-professionals-startups,96
smart-home,96
cad-cam,95
diningout,95
arduino-and-robotics,94
civic-engagement,94
drones,94
fun-times,94
job-search,94
open-government,94
e-commerce-internet-marketing,93
enterprise-search,93
jvm-languages,93
mapping,93
asp-net,92
bitcoin-miners,92
geospatial,92
hardware-startups,92
load-testing-and-performance,92
social-media-for-business,92
swift,92
cognitive-science,91
computer-networking,91
wordpress-themes,91
apple-software,90
kinect,90
office-365,90
women-programmers,90
automation,89
business-referral-networking,89
identity-and-access-management,89
journo,89
linux-user-group,89
web-mobile-development,89
all-forms-of-javascript,88
freelance,88
futureofnews,88
hbase,88
personal-development,88
sharepoint-technologies,88
blogging-to-promote-yourself,87
object-oriented-programming,87
oracle,87
penetration-testing,87
wordpress-customization,87
animation,86
application-performance-management,86
design-thinking,86
perl,86
writing,86
internet-retail,85
smartwatches,85
civic-engagement-technology,84
customer-relationship-management,84
high-tech-ventures,84
machine-intelligence,84
rapid-prototyping,84
cad,83
computer-graphics,83
women,83
fitness,82
healthcare-solutions,82
social-media-content,82
wordpress-plugins,82
blog-marketing,81
data-center-networking-and-design,81
digital-asset-management,81
enterprise-content-management-ecm,81
girlsintech,81
social-coding,81
technological-singularity,81
visualization,81
bigdata,80
business-process-management,80
college-students,80
concurrent-programming,80
d3-js,80
digitalid,80
geolocation,80
hive,80
network-architecture,80
puppet,80
windows,80
women-software-developers,80
high-tech,79
intellectual-discussion,79
iot,79
life-sciences,79
social-media-analytics,79
continuous-deployment,78
ec2,78
game-production,78
inddesign,78
opscode-chef,78
php-application-development,78
quantitative-finance,78
reactjs,78
small-business-owners,78
clean-tech,77
cloud-foundry,77
magento,77
nanotechnology,77
technology-innovation,77
ux-ui-design,77
aws,76
bluemix,76
gaming,76
lawtech,76
crm,75
film-and-video-production,75
healthcare-technology,75
recruiting-and-hiring,75
ciscosystems,74
cloud-identity,74
founders,74
newintown,74
data-scientist,73
digital-marketing-professionals,73
mac,73
microservices,73
programmers,73
study-group,73
3d-scanning,72
cybersecurity-innovation,72
go-programming-language,72
health-2-0,72
mathematics,72
openstreetmap,72
product-management-in-agile,72
professionals-of-information-technology,72
software-craftsmanship,72
branded-content,71
wordpress-for-business,71
bioinformatics,70
google-glass,70
inventors-and-product-developers,70
learning-drupal,70
networkmarket,70
neural-networks,70
qa-professionals,70
search-information-retrieval,70
spark,70
ui-ux-design,70
web-api-design,70
web-development-and-software-development,70
azure,69
best-practices-for-high-performance-ecommerce,69
boston,69
fashion,69
hardware-hacks-gadgeteering,69
website-design,69
business-intelligence-data-warehousing,68
future-of-journalism,68
girl-develop-it,68
google-developer-group,68
healthcare-big-data,68
photo,68
biotech-medical,67
blackbiz,67
community-building,67
ethereum,67
green-technology,67
salesforce,67
bigdatadevelopers,66
facebook,66
graph-databases,66
womens-business-networking,66
cloud-computing-security,65
quantitative-analysis,65
rails,65
wordpress-seo,65
application-performance-monitoring,64
creative-freelancers,64
financial-innovation,64
hadoop-analytics,64
math,64
web-services,64
autodesk,63
digitalart,63
full-stack-development,63
google-analytics,63
mobile-analytics,63
money,63
open-source-community,63
beer,62
blockchain,62
cocoa-touch,62
data-analysis,62
digital-marketer,62
economics,62
happy-hours,62
learn-blogging,62
search-engines,62
self-empowerment,62
video,62
windows-phone-developers,62
woodwork,62
3d-gaming,61
apache-hadoop,61
business-intelligence-strategy,61
infographics,61
laser-cutting,61
monitoring,61
open-source-python,61
science-technology-engineering-math,61
sensors,61
sharepoint,61
unity,61
artificial-intelligence-programming,60
baltimore,60
cross-platform-development,60
digcam,60
digital-journalism,60
digital-strategy,60
elasticsearch,60
emerging-technologies,60
f-programming,60
games,60
google-seo,60
high-tech-professional,60
ibeacon,60
mobile-advertising,60
opscode,60
private-cloud,60
recruiting,60
smart-contracts,60
tech-savvy-entrepreneurs,60
unity-3d-developers,60
web-design-and-development,60
windows-phone,60
wordpress-small-business-web-sites,60
bluetooth-low-energy,59
microsoft-exchange-server,59
podcasting,59
product-marketing,59
software-engineers,59
video-game-developers,59
web-new-technology,59
wordpress-developers,59
adobe,58
android-enthusiasts,58
apache-lucene-and-solr-open-source-search,58
business-analysis,58
e-learning,58
html-and-css,58
microsoft-windows-server,58
mobile-app,58
mobile-product-management,58
scala-programming,58
text-editor,58
cto,57
owasp,57
using-hadoop-in-the-cloud,57
wireless-communications,57
advanced-analytics,56
apex,56
ember-js,56
medical-devices,56
nonprofit-marketing,56
bitcoin-traders,55
business-intelligence-tools-and-technology,55
identity-access-management,55
ios-platform,55
iot-hacking,55
magento-enterprise,55
parallel-programming,55
pig-and-hadoop,55
space,55
what-is-bitcoin,55
cad-design-development-services,54
comptutor,54
customer-experience-management,54
developing-mobile-apps,54
digital-content-strategy,54
heroku,54
j2ee,54
videoblog,54
big-data-developers,53
computer-geeks,53
embedded-systems-programming,53
music,53
solidworks,53
voip,53
women-small-business-owners,53
ansible,52
apps,52
cartography,52
community-service,52
computer-and-information-network-security,52
content-management-systems,52
html-5-css3,52
life-extension,52
marketing-analytics,52
pair-programming,52
quants,52
socially-responsible-business,52
spatial-data,52
start-up,52
web-of-things,52
web-operations,52
women-who-code,52
apache-kafka,51
geographic-information-systems-gis,51
information-systems-security,51
macintosh-computer-users,51
php-framework,51
sharepoint-professionals,51
social-augmented-reality,51
social-impact,51
windows-8-development,51
activism,50
apex-development,50
business,50
cross-platform-mobile-game-development,50
data-storage,50
disruptive-innovation,50
drupal-developers,50
electrical-engineering,50
fashion-design,50
financial-services,50
healthpros,50
html5-game-development,50
lync-online,50
medical,50
mobile-startups,50
networking-with-hr-professionals,50
ona,50
physical-computing,50
prototyping,50
seo-for-small-businesses,50
seo-for-small-to-medium-sized-businesses,50
unified-communications,50
unified-messaging,50
user-experience-research,50
video-streaming,50
cloud-computing-how-to-use-it-for-your-business,49
data-integration,49
open-source-analytics,49
risk-governance-and-compliance,49
solr,49
startup-pitching,49
system-integration,49
uav,49
wordpress-websites,49
autocad,48
computer-training,48
create-a-blog,48
e-commerce,48
elixir,48
gpu-programming,48
hackers,48
hackerspace,48
handmade-crafts,48
ios-game-development,48
javascript-best-practices,48
linux-server,48
netsquared,48
professional-blogging,48
red-hat-enterprise-linux-rhel,48
rust,48
stream-processing,48
sustainable-development,48
telecommunications,48
web-television,48
wireless-sensor-networks,48
writing-for-blogs,48
xcode,48
co-working-space,47
filemaker-pro-database-development,47
filemaker-server,47
force-com,47
mobile-developers,47
mobile-payment,47
nyc-tech-founders,47
powershell,47
reporting,47
social-media-management,47
web-content-management,47
webgl,47
wordpress-users,47
application-programming-interface,46
business-model-innovation,46
compliance,46
distributed-computing,46
new-york,46
phonegap,46
photoshop,46
predictive-modeling,46
website-development,46
wordpress-help,46
connected-cars,45
containers,45
data-journalism,45
document-management-systems,45
embedded-linux,45
federated-identity,45
foodie,45
jewish,45
mobile-app-marketing,45
nyc,45
python-linux-devop,45
scala-akka,45
scrum-master,45
smartwatch,45
webmasters,45
algorithmic-trading,44
business-innovation,44
data-governance,44
decentralization,44
digital-marketing-analytics,44
gadget-lovers,44
itexec,44
knowledge-sharing,44
lucene-solr-nutch-mahout-and-open-source-search,44
marklogic,44
neo4j,44
nonprofit-networking,44
payment-systems,44
postgresql,44
sitecore,44
the-future-of-video-games,44
xcode-users,44
xslt,44
apple-macintosh-technology,43
database-design-development,43
html-xhtml-css-javascript,43
internet-of-things-iot-device-management,43
ip-telephony,43
robots,43
service-oriented-architectures,43
software-development-technologies,43
stategic-hr,43
telecom-wireless-entrepreneurs,43
eprivacy,42
flash,42
graph-theory,42
health-it-professional,42
knowledge-management,42
lean,42
microsoft-excel,42
mixed-reality,42
network-virtualization,42
nonprofits-needing-help,42
onlineed,42
open-source-frameworks,42
pharmaceutical-sciences,42
play-framework,42
riak,42
socialsoftware,42
the-open-web-application-security-project,42
ux-research,42
websocket,42
wifi,42
building-private-cloud-with-openstack,41
financialeng,41
joomla,41
sharepoint-networking,41
trading-with-automated-trading-systems,41
unmanned-vehicles,41
windows-powershell,41
xamarin,41
android-app-marketing,40
android-game-development,40
cloud-computing-strategies-and-roadmaps,40
common-lisp,40
digital-social-media,40
elixir-programming,40
email-marketing-ecommerce,40
freelance-journalists,40
getting-started-with-python,40
higher-education,40
instructional-design,40
json,40
lean-agile-project-management,40
lync,40
mechanical-engineering,40
meteor,40
microsoft-lync,40
microsoft-office-365-public-cloud-based-technology,40
mobile-application-development,40
scalability,40
sql-server-azure,40
text-mining,40
web-2-0,40
windows-8-metro-app-development,40
windows-mobile,40
women-science-technology-engineering-mathematics,40
wordpress-training,40
workathome,40
accessibility,39
aerial-photography,39
aerial-videography,39
agile-data-warehousing-and-business-intelligence,39
brooklyn,39
drone,39
fashion-bloggers,39
geeks-nerds,39
how-to-market-your-business-through-blogging,39
matlab,39
neurotechnology,39
nyu,39
open-hardware,39
radio-control-flying,39
radiobroadcast,39
scientific-computing,39
to-promote-r-for-big-data-analytics,39
videography,39
agile-ux,38
apache-pig,38
building-an-online-business,38
education-entrepreneurs,38
google-apps,38
mesh-networks,38
networking-for-job-seekers,38
scifi,38
sealliance,38
successful-startup-founders,38
adobe-cq,37
dev-ops,37
environment,37
filemaker-bento-iphone,37
fpga,37
information-technology-students,37
internet-social-media,37
leadership-development,37
legal-and-business,37
legal-professionals,37
maker-faire,37
mobile-social,37
oracle-big-data-appliance,37
salesforce-com-developers,37
salesforce-com-integration,37
self-exploration,37
statistical-modeling,37
telecommunications-industry,37
vhdl,37
atlassian,36
backbone-js,36
beginner-web-developer,36
brain,36
brain-computer-interface,36
business-intelligence-in-cloud,36
cissp,36
content-development,36
copywriting,36
creative-writing,36
creativecircle,36
crowdsourcing,36
customerservice,36
data-science-using-python,36
engineering-leadership,36
internet-radio,36
law,36
lawyers,36
mentoring-someone,36
open-innovation,36
os-x,36
pittsburgh-area,36
research,36
team-building,36
the-cloud,36
video-editing,36
webrtc,36
website-optimization,36
building-filemaker-databases,35
crx,35
customer-support,35
filemaker-go,35
filemaker-tips-and-tricks,35
front-end-engineering,35
help-for-business-startups,35
how-do-i-do-fill-in-the-blank-with-filemaker,35
ibm-bluemix,35
identity-management,35
internet-startup-idea-group,35
magento-designers,35
magento-developers,35
magento-meetups,35
openid,35
ping-identity,35
risk-management,35
seo-for-magento,35
technology-entrepreneurs,35
techwriter,35
usability-testing,35
virtual-world,35
voip-and-technology,35
african-american,34
board-games,34
cloud-infrastructure,34
code-for-america,34
customer-experience,34
data-quality,34
digital-media-and-social-marketing,34
graphic-design-and-print-production,34
health-informatics,34
learn-social-media-marketing,34
mobile-solutions,34
openshift,34
philanthropy,34
presentations,34
rdf,34
ruby-on-rails-3,34
sharepoint-architecture,34
social-justice,34
social-media-strategy,34
sql-server-reporting-services,34
test-mug,34
ubuntu,34
web-content-strategy,34
asp-net-mvc,33
autonomous-robots,33
computer-forensics,33
culture,33
digital-forensics,33
drupal-security,33
feminism,33
git,33
musicians,33
opencl,33
pmp-certification,33
public-policy,33
scaled-agile-framework-safe,33
singularity,33
smart-city,33
spreadsheets,33
sql-server-analysis-services,33
stem,33
stock-trading,33
storytelling-podcasts,33
technical-recruiting,33
trading,33
visual-effects-cg-animation,33
black-entrepreneurs,32
bluetooth-technology,32
bookclub,32
cloud-storage,32
computational-biology,32
drupal-users,32
excel,32
facebook-application-development,32
facebook-developers,32
federated-discovery-of-big-data,32
functional-programming-in-python,32
geography,32
gnu-linux,32
gridcomputing,32
help-desk,32
investor-presentation,32
iphone-fans-and-users,32
marklogic-server,32
merchandising,32
monitizing-iphone-apps,32
ny-java-developers,32
ocaml-programming,32
online-video,32
patent,32
pay-per-click,32
pharmaceutical-industry,32
ppc-paid-search,32
pyladies,32
redhat,32
sketchup,32
splunk,32
teachers,32
ux-ui,32
xquery,32
3d-projects,31
agile-programming-and-python,31
artificial-intelligence-machine-learning-robotics,31
asynchronous-programming,31
brand-design,31
chief-technology-officer,31
creative-coding,31
ecommerce-workshops,31
experience-design,31
explore-agile-scrum-xp-lean-kanban,31
expressionengine,31
fashion-retailer,31
healthcare-startups,31
ios-and-android-application-development,31
mobile-commerce,31
olap,31
physician,31
publicrelations,31
react-native,31
salesforce-com-users,31
service-design,31
urban-design,31
visual-communication,31
womens-networking,31
xml,31
3d-printers,30
accounting,30
adobe-user-group,30
agile-portfolio-management,30
atlassian-toolset,30
aws-programming-and-tools,30
b2b-content-marketing,30
bayesian-statistics,30
behavior-change,30
business-process-improvement,30
content,30
content-creation-curation-for-the-internet,30
content-storage,30
couchbase,30
data-center-colocation,30
database-integration-migrations,30
decentralized-systems,30
design-patterns,30
digital-design,30
distributed-scala-programming,30
drinking,30
education-technology-start-ups,30
enterprise-2-0,30
enterprise-software,30
excercise,30
executive-coaching,30
facebook-marketing,30
financial-freedom,30
financial-services-industry,30
founder-institute,30
html-and-css-workshops,30
human-resource-administration,30
information-visualization,30
interactive-marketing,30
intro-to-sass,30
iphone-application-development,30
kubernetes,30
laravel,30
learn-coding,30
learn-python-the-hard-way,30
location-based-service,30
mobile-and-handheld-game-development,30
mobile-design-and-development,30
motion-graphics,30
municipal-wireless,30
netezza,30
networking-for-nonprofits,30
newurbanism,30
nightlife,30
oracle-application-business-solutions,30
overview-of-office-365-features-and-functionalites,30
physical-security,30
pingpong,30
postgres,30
quality-engineering,30
raising-capital,30
raspberrypi,30
real-time-web,30
seed-funding,30
seo-for-local-business,30
small-business-online-marketing,30
sports,30
sql-integration-services,30
startups-meet-vcs-and-angel-investors,30
stream-computing,30
taxonomy,30
telephony-as-a-service,30
unreal-development-kit,30
user-experience-practices,30
ux-technology,30
vim,30
vmware,30
windows-game-development,30
young-entrepreneur,30
a11y,29
application-lifecycle-management,29
art-galleries,29
audio-video-production,29
banking,29
cognitive-computing,29
data-warehouse,29
engineers,29
ethical-hacking,29
hedge-fund,29
hispanicpros,29
invention,29
julia,29
kids,29
library,29
mobile-security,29
multi-rotor-aircraft,29
nutrition,29
oracle-business-solutions,29
parents,29
records-management,29
salesforce-com-and-force-com,29
scaling-agile,29
stereoscopic-equipment-and-methods,29
team-foundation-server,29
vets,29
visual-studio,29
visualforce-development,29
wcag,29
breakfast,28
ccie,28
ccna,28
customer-retention,28
drupal-theming,28
emacs-lisp,28
energy,28
google-apps-for-business,28
google-plus,28
innovation-clean-tech,28
innovations-in-software-testing,28
integrated-development-environment,28
intellectualprop,28
inventor,28
job-interviews-move-up-get-a-job-preparation,28
literature,28
microsoft-azure,28
natural-user-interface,28
pizza,28
project-management-tools,28
qlikview,28
remote-monitoring-of-sensors,28
systems-thinking,28
user-testing,28
website-design-and-development-classes,28
youtube,28
beacons,27
business-applications-for-sharepoint,27
cg-artists,27
cnc,27
computational-science-and-engineering,27
data-structures,27
developer-evangelism,27
email-campaign-marketing,27
google-cloud-platform,27
graphic-design-students,27
inventors-group,27
legal-industry,27
librarians,27
master-data-management,27
microsoft-office,27
pragmatic-software-development,27
radio,27
scrum-in-real-world,27
smart-property,27
unity-game-engine,27
wwc,27
bsd,26
cio-cto,26
civic-hacking,26
confluence,26
crowdfunding,26
cryptoequity,26
data-modeling,26
elearning,26
female-entrepreneurs,26
film,26
food-blogging,26
geek,26
green-entrepreneurs,26
it-infrastructure-architecture,26
jira,26
joomla-users,26
language,26
longevity,26
metaphysics,26
online-video-marketing,26
outdoors,26
payments,26
politics,26
product-service-innovation,26
ruby-on-rails-testing,26
scala-play-framework,26
software-programmer,26
sql-server-integration-services,26
startup-marketing,26
young-professionals,26
youtubers,26
adobe-experience-manager,25
apache-flink,25
community-management,25
consciousness,25
day-software,25
digital-rights-management,25
drupal-mastering,25
drupal-modules,25
ektron,25
google-apps-script,25
information-technology-in-organizations,25
innovative-internet-marketing-strategies,25
ipad-app-marketing,25
lifestyle-bloggers,25
networking-for-graphic-designers-marketing-pros,25
news,25
oauth,25
pebble,25
proaudio,25
sas,25
smartbands,25
spirituality,25
technical-support,25
using-barcodes-in-filemaker,25
using-mongodb-in-the-cloud,25
wcm,25
android-development-training,24
android-sdk,24
app-designers,24
authors,24
ccna-ccnp-ccda-ccdp-ccvp-ccsp-ccip-ccie-ccde,24
chemistry,24
coreos,24
ecommerce-social-media,24
editors,24
edx,24
food-and-drink,24
graphic-arts,24
high-frequency-trading,24
ionic-framework,24
iphone-developer-training,24
iphone-game-development,24
lotico,24
microsoft-dynamics-business-solutions,24
microstrategy,24
microstrategy-mobile-applications,24
new-jersey,24
nten,24
open-source-cloud,24
oracle-apex-development,24
secure-coding,24
sencha-touch,24
servers,24
service-bus,24
tableau-software,24
unstructured-data,24
vulnerability-assessment,24
webdriver,24
adobe-aem,23
advanced-manufacturing-engineering,23
api-documentation,23
bitcoin-business-model,23
blogging-for-business,23
cuda,23
customer-development,23
enterprise-data,23
freelancer-networking,23
fsf,23
game-design-game-modding-3d-modeling,23
gpgpu,23
international-development,23
interview-skills,23
ipad-game-development,23
learn-seo-basics,23
music-production,23
online-learning,23
seo-business-development,23
sitecore-cms,23
solution-architecture,23
techcert,23
telecom,23
tinkering,23
travel-blogging,23
women-coders,23
advanced-sql-server,22
alternativeenergy,22
android-app-design,22
apache-hive,22
app-developers,22
app-engine,22
apple-mobile-device-application-development,22
apple-tech,22
application-development-best-practices,22
arg,22
biological-engineering,22
broadband,22
clojurescript,22
code-for-america-brigade,22
coding-dojos,22
cognitive-neuroscience,22
community-outreach,22
consultant,22
cryonics,22
csr,22
design-strategy,22
development,22
filmind,22
financial-income-and-creative-opportunities,22
foresight,22
free-culture,22
fundraising,22
futurists,22
gnu,22
hackshackers,22
homeautomation,22
hpc-programming,22
information-science,22
interactive-design,22
itil-itsm,22
jenkins,22
jquery-mobile,22
kids-and-technology,22
lifetransform,22
manuf,22
multicore,22
music-technology,22
mvc,22
new-media-and-interactive-design,22
ntesla,22
onboarding,22
online-education-technology-for-educators-and-hr,22
online-video-platform,22
ontology,22
p2p-distributed-systems,22
peer-to-peer-economy,22
plone,22
podcasting-conversation,22
project-management-coaching,22
project-management-methods,22
publishers,22
qsmap,22
recruitment,22
red-hat-enterprise-virtualization-rhev,22
red-hat-identity-management,22
red-hat-storage-server,22
redhat-openstack,22
retail,22
salesforce-com-chatter,22
sharepoint-administrators,22
sharepoint-online,22
sql-server-2012,22
startup-nonprofits,22
strategic-planning,22
support,22
test-automation-frameworks,22
transmedia,22
vertica,22
video-game-entrepreneurs,22
web-and-technology-startups,22
web-of-data,22
xquery-xform,22
amateur-and-ham-radio,21
angular,21
blender-3d,21
chefs,21
cloud-networking,21
criminology,21
data-privacy,21
data-profiling,21
enterprise-technology,21
entertain,21
hyperion,21
indesign,21
lean-manufacturing,21
legal-networking,21
linux-kernel,21
m2m-devices,21
metrics,21
opengl,21
oracle-e-business-suite,21
oracle-epm,21
oracle-essbase,21
podcasting-for-mom-entrepreneurs,21
real-time-internet,21
renewable-energy,21
scrum-practices,21
sharepoint-2010,21
sharepoint-workflow,21
small-business-networking,21
social-media-application,21
sports-and-socials,21
threat-analysis,21
wireframing,21
young-makers,21
100-business-startups,20
3d-photography,20
a-b-testing,20
accountsoftware,20
advanced-sass,20
advertising-agency,20
advertising-agency-community,20
agile-business-analysts,20
alternative-investments,20
alternative-medicine,20
antiaging,20
apache-cloudstack,20
appcelerator,20
appcelerator-titanium,20
apple-watch,20
application-release-automation,20
archiving,20
art-and-the-internet,20
art-collecting,20
art-collective,20
art-collectors,20
aws-s3,20
b2b-b2c-content-strategy-for-online-marketing,20
basketball,20
behavioral-economics,20
behavioral-psychology,20
behavioral-science,20
biology,20
black,20
blog-design,20
branding,20
bronx,20
browsers,20
business-process,20
cardgame,20
cbap,20
cem,20
charity-events,20
childrens-book-authors,20
clothing-and-fashion-designers,20
codeigniter,20
columnar-databases,20
communication,20
contemporary-art,20
copyright,20
creating-amazon-cloud-applications,20
critical-thinking,20
curating-and-galleries,20
currency-trading,20
customer-success,20
customer-success-management,20
data-computing,20
data-security,20
develop-clean-and-clear-algorithms,20
developer,20
digital-humanities,20
digital-public-relations,20
digitalrights,20
dumbo,20
e-learning-systems,20
eco-conscious,20
edx-org,20
elm-programming,20
emergency-preparedness,20
employee-engagement,20
energy-efficiency,20
enterpreneurs,20
enterprise-performance-management,20
esri,20
exchange-online,20
ext-js,20
facebook-apps,20
fashion-2-0,20
fashion-entrepreneurs-sharing-successful-secrets,20
file-systems,20
flask,20
funding,20
game-analytics,20
gay,20
gaypros,20
geeks,20
generative-art,20
geo,20
getchef,20
golang-programming-language,20
golfing,20
google-adwords,20
government,20
government-transparency,20
grails,20
groovy-programming-language,20
gsm-sms,20
hack,20
haptics,20
hardware-hacking-and-reverse-engineering,20
hdfs,20
healthcare-reform,20
hololens,20
how-we-deployed-lean-startup,20
hris,20
html5-application-development,20
human-resource-consultants,20
ict-information-communications-technology,20
information-dashboard,20
information-design,20
information-retrieval,20
infrastructure-management,20
intern,20
international-cybersecurity,20
internet-talk-radio,20
interviewing-and-hiring,20
intrapreneurship,20
ios-accessibility,20
jersey-city,20
juniper-networks,20
kanban-software-development,20
landscape-architecture,20
lead-generation,20
learn-vim,20
linguistic,20
local-internet-marketing-for-small-business,20
localization,20
logistics,20
lua-programming,20
map-reduce,20
maps,20
meditation,20
mens-pick-up-basketball,20
metadata,20
mhealth,20
microsoft-access,20
microstrategy-dashboards,20
microstrategy-development,20
mind-uploading,20
mobile-technologies-andoid-iphone-ipad,20
monetization,20
mono-for-android,20
monotouch,20
music-industry,20
natural-user-interfaces,20
net-content-management-systems,20
neuroengineering,20
new-relic,20
nfv,20
office-365-users-group,20
office-communications-server,20
open-source-content-management,20
openframeworks,20
openstack-quantum,20
operations-management,20
operations-research,20
oracle-data-integrator,20
pdf,20
platform-as-a-service,20
poi,20
product-project-development-management-networking,20
proengineer,20
professional-services,20
real-estate-technology,20
real-time-communications,20
running,20
saas-marketing,20
sales,20
sales-software,20
sass,20
sass-and-compas,20
sculpture,20
seo-video-marketing,20
silverlight,20
smart-jewelry,20
social-media-for-social-change,20
software-defined-data-centers-sddc,20
sports-technology,20
startup-api,20
statistical-consulting,20
statistical-programming,20
storage,20
streams,20
studio-recording,20
sustainable-social-and-economic-development,20
symfony,20
syntactically-awesome-stylesheets,20
synthetic-biology,20
systems,20
systems-engineering,20
uas,20
urbanexplor,20
user-experience-optimization,20
vim-mentors-mentees,20
vim-plugins,20
vimrc,20
watches,20
web-mapping,20
website-building-for-beginners,20
websites,20
windows-8,20
windows-holographic,20
wine,20
wine-tasting,20
wireless,20
wireless-applications,20
women-connecting-with-women,20
womens-support,20
workshop,20
xna,20
yoga,20
youtube-marketing,20
accessible-web-design,19
akka,19
alfresco,19
apple-iphone-and-ipad,19
asianpros,19
brain-health,19
building-drones,19
ceos-founders,19
cityblogging,19
creative-design,19
designers,19
ebook,19
electronicmusic,19
emerging-robotic-technologies,19
google-chrome,19
google-maps,19
hamradio,19
human-resource-management,19
inclusive-design,19
israel-hightech,19
it-accessibility,19
mobile-accessibility,19
network-infrastructure,19
network-technology,19
non-profit-organizations,19
photography-classes,19
postgis,19
public-library-programs,19
section-508,19
software-accessibility,19
sustainable-transportation,19
system-administrators,19
tableau,19
technical-analysis,19
transportation,19
umbraco,19
urban-planning,19
web-accessibility,19
adobe-cq5,18
all-things-telecom,18
apache-apex,18
artificial-life,18
b2b,18
bitcoin-security,18
blogging-for-profit-fun,18
category-theory,18
cisco-router-and-switches,18
cleantech-and-information-technology,18
connected-communities,18
construction,18
courses-and-workshops,18
cross-mobile-development,18
crowd-funding,18
evolution-strategy,18
executive-recruiters,18
homedecorating,18
industrial-internet-of-things,18
information-technology-in-sport,18
insurance,18
intdesign,18
joomla-mastering,18
joomla-template-design,18
mac-development,18
microsoft-dynamics-crm,18
mobile-games,18
nanotech,18
nexus,18
painting,18
php-women,18
rockclimbing,18
science-education,18
software-project-management,18
sql-server-data-mining,18
wireless-technology,18
xbox,18
adobe-lightroom,17
apache-hbase,17
apache-storm,17
arduino-netduino-and-robotics,17
art-museums,17
bike,17
business-startup,17
cascading,17
cloud-storage-apis,17
computer-aided-design-cad-building-smart,17
data-vault-database-modeling,17
drupal-7,17
emerging-markets,17
eurofootball,17
graphic-design-professionals,17
hadoop-integration,17
hobby-electronics,17
it-planning-and-technology,17
latino-a-professionals,17
medical-technology,17
meetup,17
middle-east,17
pentaho,17
pmp,17
psychology,17
server-side-javascript,17
smart-cities,17
soccer,17
technology-governance,17
tessel,17
unity-3d-artists,17
visualforce,17
vloggers,17
assist-in-creating-youtube-videos,16
authentication,16
aws-design-implementation-and-servicing,16
building-the-sharing-economy,16
business-process-management-systems,16
charity,16
cmmi,16
community-managers-organisers,16
converged-infrastructure,16
domain-driven-design,16
enterprise-architect,16
fabrication,16
fiction,16
freebsd,16
functional-reactive-programming,16
gis-web-developers,16
how-to-create-a-great-youtube-video,16
human-resources-management,16
hybrid-cloud,16
ibm-power-users,16
image-processing,16
improving-customer-service-and-inspiring-loyalty,16
infrastructure,16
joomla-extension-development,16
law-practice,16
lawyer-marketing,16
learn-to-code,16
linux-networking,16
maidsafe,16
malware,16
medicine,16
mobile-devices,16
mobile-game-design,16
mobile-innvoation-forum,16
modern-architecture-and-design,16
music-producers,16
netbsd,16
openbsd,16
productivity,16
requirements-management,16
rest,16
scrum-coaching,16
startup-weekend,16
type-systems,16
wearable-art,16
williamsburg-brooklyn,16
yarn,16
zfs,16
adobe-muse,15
agile-product-development,15
amazon-seller,15
apache-sling,15
black-women,15
bluespec,15
bring-angel-investors-and-startups-together,15
building-a-coworking-community,15
building-your-mvp-minimum-viable-product,15
career-network,15
cleanweb,15
cnc-routing-and-machining,15
cq5,15
cultural-diversity,15
decentralized-applications,15
design-research,15
device-management-and-security,15
eating-drinking-talking-laughing-etc,15
enterprise-mobility,15
ibm-watson,15
immersive-tech,15
machine-to-machine,15
mobile-device-management,15
moocs,15
operating-systems,15
philosophy,15
ruby-on-rails-amazon-web-services,15
salesforce-com-admins,15
saml,15
scripting,15
sem-for-magento,15
software-configuration-management,15
storytelling,15
sustainable-energy,15
verilog,15
virtual-directory,15
visual-thinking,15
women-bloggers,15
3d-graphics,14
amazon,14
apache-lucene,14
apache-mesos,14
apache-samza,14
appdynamics,14
automated-testing,14
automating-web-application-testing,14
bootstrap,14
brainstorming-ideas,14
business-operations,14
ccie-routing-switching,14
ceph,14
cognos,14
computer-network-systems,14
creating-and-managing-content-for-the-web,14
cyborg-culture-and-technology,14
data-architecture,14
dogecoin,14
enterprise-application-integration,14
erp-software,14
firebase,14
freelance-communication-marketing-professionals,14
gluster,14
groovy,14
information-technology-computer-networking,14
installation,14
international-startups,14
internet-advertising-and-marketing,14
inventors-just-getting-started,14
litecoin,14
marketing-automation,14
mba-schools-and-programs,14
mule,14
mule-esb,14
new-york-city-events,14
newcareer,14
northern-new-jersey,14
passive-candidate-sourcing,14
project-management-professional,14
qa-tools-and-practices,14
reactive-programming,14
real-estate-investors,14
red-hat-jboss-middleware,14
russian,14
russians,14
sandstorm,14
sharepoint-business-development,14
sharepoint-governance,14
smartphones,14
speaking-yiddish,14
speech-recognition,14
talent-acquisition,14
ux-strategy,14
welding-for-fun,14
xbox-360,14
yiddish,14
yiddish-culture,14
audio-production,13
being-awesome,13
building-robots-for-the-home,13
c-net,13
craft-cms,13
digital-marketing-through-emerging-technologies,13
digital-marketing-workshop,13
diybio,13
freelance-content-writers,13
gpu,13
high-availability-and-disaster-recovery,13
humanoid-robots,13
interviewing-and-networking-techniques,13
jaspersoft-jasperserver,13
korea,13
licensing-your-ideas-and-product,13
meetup-with-local-businesses,13
net-development,13
opendaylight,13
openflow,13
php-cms,13
redis,13
sharing-economy,13
sportsfans,13
tibco-spotfire,13
tv-film-video,13
501-c-3,12
agile-systems-engineering,12
alcor,12
android-accessibility,12
android-app-architecture,12
app-development,12
art-direction,12
assistive-technology,12
autodesk-inventor,12
baltimore-area,12
big-data-ingestion,12
blackberry,12
blogging-for-non-writers,12
blogging-tips-tricks,12
brain-enhancement-and-health,12
brightcove-developer,12
business-coaching,12
chrome-os,12
cognitive-systems,12
competitive-strategy-innovation,12
content-creation,12
content-curation-distribution,12
creating-google-appengine-applications,12
cryogenics,12
culture-exchange,12
cyber-safety,12
cybernetics,12
datacenter-virtualization,12
digital-access,12
digital-sharepoint-dashboards,12
disabilityrts,12
draw,12
drupal-women,12
dynatrace,12
educational-apps,12
erlang-conferences,12
erlang-training,12
erlang-workshops,12
excel-2010,12
future-vision,12
genomics,12
google-blogger-evangelist,12
gtug,12
hotnspicy,12
humanrights,12
interactive-entertainment,12
iphone-business,12
ipod,12
it-consulting,12
keeping-content-relevant,12
landscape-photography,12
learn-to-write-publish-a-blog,12
legal,12
linked-data-user-experience,12
logfile-management,12
logic,12
man-machine-interface,12
maryland,12
mastercoin,12
mediawiki,12
meet-your-neighborhood-linux-users,12
metalworking,12
metaverse,12
microcontent,12
microsoft-net-user-group,12
migrating-from-2003-2007-to-2010,12
motivation,12
neighbors,12
neo4j-social,12
net-framework,12
new-product-development-professionals-npdp,12
nonprofit-management,12
nvidia,12
onewebday,12
online-payments,12
opencv,12
peer-to-peer-lending,12
peer-to-peer-technology,12
people-helping-people,12
permacoin,12
personal-privacy-issues,12
philosophy-of-science,12
photography-art-video-blogging,12
physics,12
picking-sharepoint-dr-tools,12
picking-sharepoint-migration-tools,12
postgresql-overview-and-group-charter,12
powerpivot,12
printing,12
project-management-practices,12
project-management-professional-certification,12
purescript,12
quantitative-trading,12
reading,12
red-hat-enterprise-mrg,12
referral-marketing,12
scanning,12
science-fiction,12
search-user-interface-patterns,12
secondlife,12
selenium-software,12
semantic-social-networks,12
share-experiences-knowledge-of-product-development,12
sharepoint-business-users,12
slack,12
smart-grid,12
software-defined-radio,12
sql-server-web-services-more-data-access-methods,12
standbyisrael,12
stomper-local,12
supercomputing,12
techshop,12
threat-modeling,12
tours-new-york,12
travel-technology,12
try-new-things,12
tutor,12
typography,12
vb-net,12
vertica-systems,12
visualisation,12
vmware-certified-professionals,12
web-3-0,12
web-ontology-language,12
weld,12
wikimedia,12
wikipedia,12
wimax,12
world-of-warcraft,12
writing-workshops,12
xmpp,12
activity-monitors-and-devices,11
agriculture-technology,11
art-technology,11
cloud-security-standards,11
compilers,11
cycling,11
ediscovery,11
entrepreneurship-education,11
entreprenuers,11
experimental,11
financial-modeling,11
food-bloggers,11
game-night,11
kong,11
latino-culture,11
nurses,11
obiee,11
oracle-weblogic,11
peoplesoft-enterprise-software,11
pickupsoccer,11
print-design,11
rc-planes-remote-controlled,11
researchers,11
road-cycling,11
salesforce-implementation,11
scm,11
siebel,11
silicon-alley,11
singles,11
social-crm,11
spring-framework,11
storage-virtualization,11
sustainable-agriculture,11
swug,11
technology-computer-forensics-data-recovery,11
togaf,11
united-nations,11
video-game-programming,11
viral-marketing,11
web-design-and-programming,11
140conf,10
20s-30s-social,10
24-7-customer-service-support,10
3d-art,10
3d-video-and-pictures,10
6-00x-fall-2012,10
accelerated-learning,10
accessories,10
account-management,10
aci,10
adobe-business-catalyst,10
adobe-dreamweaver,10
adobe-illustrator-classes,10
adult-stem-cell-therapy,10
advertising-technology,10
afghanistan-veterans,10
afh,10
african-american-african-caribbean-arts-culture,10
african-culture,10
african-professionals,10
africanmusic,10
africans,10
afro-caribbean,10
after-hours-productivity,10
agent-based-model,10
agile-and-scrum,10
agile-engineering,10
agile-marketing,10
agile-program-management,10
aging,10
alfresco-software,10
alternative-currency,10
american-mah-jongg,10
analysis,10
android-robots,10
angel-investing,10
anthropology,10
anti-racism,10
apache-cordova,10
apache-mahout,10
app-programming,10
apple-computers,10
application-centric-infrastructure,10
applied-math,10
applied-research,10
arab-american,10
arabpro,10
archivists,10
asia,10
assembly,10
asset-management,10
astoria,10
attivio,10
audit,10
australian-expats,10
auto-insurance,10
autodidact,10
automotive,10
aviation,10
b-y-o-d-bring-your-own-device,10
babok,10
backend,10
backend-as-a-service,10
barcamp,10
bay-ridge-brooklyn,10
beautyindustry,10
beer-and-cigars,10
beer-and-wine,10
beer-cocktails-spirits-wine-tastings,10
beer-drinkning,10
beer-making,10
behavioral-mental-health,10
behaviour-driven-testing,10
bicycle-maintenance,10
big-data-hadoop,10
bilingual-spanish-english,10
bill-moyers,10
bionics,10
biz-funk-agile,10
black-box-trading-education,10
black-hat-hacking,10
black-singles,10
blackberry-application-development,10
blackexpressions,10
blog-writers,10
bloggers-school,10
blogosphere,10
book-publishing,10
bouldering,10
bpmn,10
bpos,10
brand-strategy,10
brms,10
broad-perspective-networking,10
brooklyn-ny,10
brunch,10
budgeting-and-planning,10
build-and-release-management,10
building-android-apps-with-appcelerator-titanium,10
building-information-modeling,10
business-analysis-tools-and-techniques,10
business-analysts,10
business-catalyst,10
business-development-and-strategic-planning,10
business-funding,10
business-marketing-strategy,10
business-model-canvas,10
business-model-for-small-business,10
business-model-generation,10
business-owners,10
business-process-automation,10
business-process-improvement-consultant,10
business-rule-management-system,10
business-rules,10
business-rules-engine,10
c-c,10
c-csharp,10
c-level-tech,10
cancer,10
cancer-fighters,10
cancer-trials-research,10
canvas,10
canvas-tag,10
canyoneering-rock-climbing-rock-gym,10
capacity-planning,10
career-advice-career-help-interview-skills,10
caribbean-community-networking,10
caribbean-culture,10
caribbean-cultures-of-west-indies,10
carljung,10
carpentry,10
cars,10
cascading-style-sheets,10
central-new-jersey,10
certified-ethical-hacker,10
change-management,10
charlestown,10
chart-analysis,10
chef-training,10
childrens-books,10
chiropractic-marketing,10
cio,10
citizen-activism,10
citrix,10
civil-engineering,10
civil3d,10
classics,10
classification,10
clinical-informatics,10
cloud-analytics,10
cloud-integration,10
cloud-security-alliance,10
cloudera,10
co-ed-adult-basketball,10
co-workers,10
coaching-agile-teams,10
coed-basketball-pick-up,10
cognos-tm1,10
coldfusion,10
college-professors,10
collegelife,10
color,10
commerce,10
community-forum,10
communityorg,10
compass,10
composers,10
computational-linguistics,10
computer-architecture,10
computer-club,10
computer-games,10
computers-and-photography,10
connected-health,10
connected-objects,10
construction-robotics,10
consulates-and-embassies,10
contemporary-artists,10
content-curation,10
content-delivery,10
content-marketing-strategies-for-the-internet,10
content-strategie,10
corona-sdk,10
corporate-communications,10
corporate-entrepreneurs,10
cosmic-consciousness,10
cosmology,10
cosmos,10
costume-design,10
coworkers,10
cpa,10
cpa-marketing,10
craft-beer,10
craftsellers,10
creating-heroku-cloud-applications,10
creating-the-new-global-education-system,10
creating-windows-azure-applications,10
creative-blogging,10
creative-problem-solving,10
creative-professionals,10
creative-thinking,10
crisis-mappers,10
crisis-response,10
crisismapper,10
crisismappers,10
crisismapping,10
cross-platform-mobile,10
crypto-anarchy,10
culture-design,10
culture-hacking,10
customer-acquisition,10
customer-service-in-a-tech-support-setting,10
cxm,10
cynefin,10
dads-of-tweens-and-teens,10
dart-language,10
data-collection-and-entry,10
data-mapping,10
data-portability,10
database-administrators,10
dc-fabrics,10
decision-management,10
decision-tools-and-processes,10
demandware,10
design-for-manufacturing,10
destructive-ideas,10
developer-advocacy,10
device-application-show-n-tell,10
device-gadget-show-n-tell,10
digital-libraries,10
digital-medicine,10
digital-opportunities,10
dim-sum,10
direct-response-marketing,10
disaster-response,10
discuss-how-crowdfunding-works,10
display-advertising,10
disruptive-techies-thinkers-making-a-difference,10
disruptive-techs-changing-the-world,10
disruptive-think-tank,10
disruptive-thinkers,10
distributed-programming,10
distributed-programming-in-java,10
diverse-socializing-race-diversity,10
dns,10
doing-business-with-china,10
dreamweaver,10
drupal-websites,10
duckduckgo,10
ebay,10
eclipse-ide,10
economic-development,10
education-and-the-cloud,10
edx-study-groups,10
effective-inventory-management,10
egovernment,10
electronic-health-records,10
electronic-medical-records,10
email-campaign-management,10
email-deliverability,10
email-marketing-2-0,10
emarketing,10
energy-healing,10
engineer,10
english-language,10
enterprise-mobility-architects,10
entrepreneur-futurists,10
entrepreneurship-training,10
environmental-activism,10
environmental-awareness,10
environmental-mapping-and-gis,10
episerver,10
equity-based-crowdfunding,10
ereaders,10
erp,10
erp-consulting,10
esl,10
esl-practice,10
espanol,10
etcd,10
ethnography,10
etsy-sellers,10
european,10
evaluation,10
event-marketing,10
evolutionary-algorithm,10
evolutionary-computation,10
evolutionary-programming,10
excel-powerpivot,10
exceptional-customer-service,10
exchange,10
exchange-2010,10
executive-business-consulting-with-cfo-analytics,10
existentialist-philosophy,10
expat-norwegian,10
expatbang,10
expatcaribbean,10
expatswedish,10
expatturkish,10
exploitation,10
exploring-new-restaurants,10
extraterrestrial,10
ez-publish,10
ez-publish-api,10
ez-systems,10
f-sharp,10
factory-tours,10
faq,10
fashion-clothing-and-manufacture-for-profit,10
fashion-photography,10
fast-esp,10
fault-tolerance,10
feminist-activism,10
film-video-education-and-training,10
finance-professionals,10
financial-and-creative-income-opportunities,10
financial-forecasting,10
findability,10
firefox-add-ons,10
firewalking,10
firmware-development,10
fitbit,10
flash-game-developers,10
flash-game-development,10
flash-social-game-development,10
for-profits-business-works-with-non-profit-causes,10
foreign-affairs,10
forextrading,10
formal-methods,10
forteana,10
fraternity,10
freebsd-kernel,10
freeswitch,10
fsharp,10
fun-and-learning-for-tweens-and-teens,10
fund-raising,10
funders-and-founders,10
fundraising-for-local-non-profit-organizations,10
future-friendly,10
future-life-progression,10
futures-trading,10
games-nights,10
gemfire,10
gender,10
gender-diversity,10
gender-equality,10
gene-expression-programming,10
generalist,10
genetic-algorithm,10
genetic-programming,10
geospatial-technologies,10
gesture-control,10
get-it-done-day,10
getting-started-with-mobile-development,10
girls-and-guys-having-fun,10
global-business-opportunities,10
global-health,10
global-tech-news,10
gmat-test-prep-and-tutoring,10
google-analytics-discussion,10
google-dart,10
google-glass-app-development,10
google-glass-development,10
google-search-appliance,10
google-tv,10
google-web-toolkit-gwt,10
googleplus-developers,10
gopro,10
gourmet-startups,10
government-policy,10
gradle,10
graphics-classes,10
graphite,10
graphology,10
green-living,10
greenplum,10
greenpoint-brooklyn,10
gym-climbing,10
habits,10
handmade,10
happiness,10
harlem,10
harlem-nyc,10
hawq,10
hcm,10
healing-our-healthcare-system,10
health-and-technology,10
health-care-technology,10
health-sciences-entrepreneurs,10
healthcare,10
healthins,10
healthy-aging,10
help-for-smart-phone-newbies,10
helping-social-enterprises,10
hiking,10
hiking-biking-kayaking-running-climbing,10
hipaa,10
hipchat,10
hiring-the-right-people,10
hoboken,10
holistic-health,10
home-brewing,10
home-recording,10
homeschool,10
homeschooling-for-teens,10
hospitality-industry,10
hospitality-tourism,10
hospitals,10
how-marketing-advertising-firms-can-use-nfc,10
how-to-use-your-cell-phone,10
html5-gaming,10
html5-video-codecs,10
human-centered-design,10
human-potential,10
hustle,10
hybrid-mobile-development,10
hypnosis,10
iaas-security,10
ibm-smartcloud,10
ibm-watson-developer-cloud,10
ibook-author,10
ibooks,10
ict,10
iiba,10
immortality,10
impact-investing,10
impala,10
in-memory-database,10
inbound-marketing,10
income,10
indie-music,10
indiefilm,10
indoor-basketball,10
information-analytics,10
information-data,10
information-gathering-web-crawling,10
innovative-restaurants,10
insprofs,10
installation-voice-and-data,10
insurance-agents,10
integrated-circuits,10
intelligence-analyst,10
interactive,10
interactive-analytics,10
interactive-tv,10
interactive-video,10
interest-graphs,10
international-business,10
internationalization,10
internet-marketing-to-attract-local-consumers,10
internet-of-everything,10
internet-social-media-marketing,10
internship-new-york,10
internship-programs,10
internships,10
interoperability,10
intlhealth,10
intrapreneur,10
investment-banking,10
investor,10
investor-relations,10
ios-application-security,10
ip-pbx,10
iphone-app-ideas,10
iraq-veterans,10
irish-whiskey,10
it-recruiter,10
it-training,10
javascript-testing,10
jewish-professionals,10
jewish-study,10
jmeter,10
jmeter-as-a-service,10
joomla-users-and-developers,10
juniper-systems,10
junos,10
kaizen,10
kaltura,10
kata,10
kickstarter,10
kids-tech,10
knitting-for-all-ages-and-skills,10
korean,10
labview,10
ladies-playing-mah-jongg,10
lafayette,10
lamp-stack,10
large-scale-scrum,10
leadership-and-business-development,10
leadership-development-for-technical-professionals,10
leadership-skills-and-cohesive-team-membership,10
lean-it,10
lean-launchpad,10
lean-six-sigma,10
leap-motion,10
learning-joomla,10
legal-technology,10
lego,10
lesbian,10
lgbt-high-tech-workers,10
lgbt-social-group,10
lgbtfriends,10
liberty-freedom-transparency-accountability,10
life-insurance,10
lifestyle-of-health-and-sustainability,10
limited-work-in-progress-wip,10
linkedin,10
linkedin-developers,10
live-streaming-broadcasting,10
live-video-broadcasts-webinars-webcasts,10
livemusic,10
local-business,10
local-business-improvement,10
local-business-marketing,10
local-business-owners-welcome,10
local-businesses,10
local-community,10
local-food,10
local-manufacturing-and-exchange,10
local-search-marketing,10
local-services,10
localissues,10
location-aware-mobile-apps,10
long-island-technology,10
low-latency,10
low-level-computing,10
low-voltage,10
lower-east-side,10
lunch,10
m2m-device-management,10
mah-jong-game,10
mah-jongg-american-style,10
mah-jongg-for-experienced-novice-players,10
mahjong,10
mahjongg,10
maj-jongg-experienced-beg-inter-players,10
man-machine-integration,10
managing-stakeholders,10
manhattan,10
manufacturing-engineers,10
map-reading,10
maptime,10
mariadb,10
market-your-small-business-locally-on-the-internet,10
marketing-and-sales,10
marketing-strategies,10
massively-parallel-processing-databases,10
maven,10
maximize-your-mobile-device,10
mean-stack,10
media-asset-management,10
media-queries,10
medical-device-sales-professionals,10
medical-research,10
meetup-api,10
memcached,10
mens-basketball,10
message-broker,10
metrowest,10
mff,10
microsoft-office-web-applications,10
microsoft-online,10
microsoft-technologies,10
microstrategy-best-practices,10
middle-eastern-culture,10
midtown-manhattan,10
migration,10
military,10
military-and-veterans,10
military-spouses,10
mindfulness,10
minority-entrepreneurs,10
minority-professionals,10
mobile-cloud,10
mobile-design-standards,10
mobile-html5,10
mobile-internet-forum,10
mobile-security-platform,10
mobile-services,10
mobile-software,10
mobile-synergy,10
mobile-technology-social,10
mobile-visual-search,10
mobile-web-services,10
mobile-websites,10
mobility,10
mobility-platforms,10
mocap,10
model-building,10
model-rockets,10
modular-synthesizers,10
moms,10
monetize-your-blog,10
montypython,10
moodle,10
moonshots,10
mootools,10
motion-capture,10
motion-picture-industry,10
motorola-droid-fans,10
mozilla,10
multi-media-internet-marketing,10
multi-touch-interaction,10
multiagent-system,10
multilingual-computing,10
music-caribbean,10
musicians-singers-composers-writers,10
myhdl,10
nacl,10
near-field-communications,10
needham,10
nerd-culture,10
nerds,10
netsuite,10
network-design,10
networking-for-technology-professionals,10
networking-in-lxc,10
neuroevolution,10
new-cell-phones,10
new-clinical-technologies,10
new-england,10
new-ideas,10
new-in-jersey-city,10
new-york-business-to-business-networking,10
new-york-founder-dating,10
news-analytics,10
newsql,10
newstand,10
nflfootball,10
nlp-neurolinguistic-programming,10
nomenclature,10
non-profit-and-for-profit-networking,10
nordic,10
norsk,10
north-jersey,10
norwegian,10
now,10
nui,10
numerical-analysis,10
nyc-lawyers,10
nyjavasig,10
offline-storage,10
online-business,10
online-streaming-channel,10
online-traffic,10
open-culture,10
open-paas,10
open-source-tools,10
open-stack,10
open-standards,10
open-video,10
openafs,10
openvswtich,10
operational-intelligence,10
options-trading,10
oracle-developer-programmer,10
orchard-cms,10
organic-search-engine-optimization,10
organization,10
organization-development,10
organizer,10
os-internals-network-internals,10
os-x-development,10
outdoor-adventures,10
outdoor-basketball,10
parse,10
parse-com,10
parsons,10
pbsprogramclub,10
pc-and-console-game-development,10
pcbuild,10
perceptual-computing,10
performance-engineering,10
performance-management,10
performance-measurement,10
performance-training,10
perl-scripting,10
personal-data-locker,10
personal-finance,10
pgp,10
pick-up-basketball,10
pinterest,10
pirates,10
pl-python,10
plasticsurgery,10
play,10
pmp-exam,10
poi-spinners,10
polyglot-programming,10
polymath,10
post-production-editing-visual-effects-vfx,10
pottery,10
pre-teens-teens,10
prestashop,10
prime-numbers,10
princeton-entrepreneurs,10
princeton-nyc,10
princeton-university,10
private-equity,10
processing,10
product-analysis-and-analytics,10
product-experience-design,10
product-launch,10
product-launch-formula,10
product-launch-manager,10
product-owners,10
product-strategy,10
professors,10
program-evaluation,10
program-management,10
progressive-conversations,10
project-management-training,10
project-vrm,10
prolog,10
prototype-js,10
public-diplomacy,10
qr-codes,10
queens,10
r-programming-language,10
rabbitmq,10
raku-firing,10
real-life-uses-of-aws-and-cloud-servers,10
real-time-systems,10
recommender-systems,10
recording-music,10
recording-tracking-mixing,10
records-information-management,10
recreational-sports,10
reggae,10
regulation-compliance,10
remodeling-and-repair,10
remoteviewing,10
renaissance-people,10
reports-analytics,10
reputation,10
requirements-engineering,10
researchkit,10
restaurant-industry,10
restaurant-marketing,10
restaurant-owners-business-networking,10
restowner,10
retail-management,10
reviews-of-new-education-apps-for-mobile-devices,10
risk,10
riverbed-technology,10
roundtable,10
ruby-on-rails-scalability,10
rule-engine,10
rutgers,10
sales-engineering,10
salon,10
sap,10
sap-enterprise-solutions,10
scala-lift,10
scandinavian,10
scandinavian-cultures,10
sci-fi-movies,10
science-based-medicine,10
sciences,10
screen-printing,10
scrumban,10
secondary-post-secondary-education,10
security-in-the-cloud,10
security-metrics,10
self-healing,10
self-reliance,10
self-tracking,10
semantic-search,10
semantic-seo,10
semantic-technologies,10
semiotics,10
sencha,10
sencha-ext-js,10
seo-search-engine-optimization-los-angeles-ca,10
server-side,10
serversidejs,10
sewing,10
share-best-practices-in-analytics,10
shell-scripting,10
shopping,10
silicon-valley-business,10
silicon-valley-entrepreneur,10
simulations,10
sinatra-ruby-framework,10
single-page-applications,10
single-sign-on,10
sip-trunking,10
sitecatalyst,10
sitefinity,10
siteminder,10
six-sigma,10
sketching,10
small-business-accounting,10
small-business-coaching,10
small-business-marketing,10
small-business-website-marketing,10
small-medium-business,10
small-sattelites,10
smart-glass,10
smart-homes,10
smartband,10
soa-fundamental-of-actuarial-practice,10
social-customer-service,10
social-game-developers,10
social-good,10
social-marketing,10
social-media-education,10
social-media-for-government,10
social-media-for-public-diplomacy,10
social-media-for-restaurants,10
social-media-for-social-good,10
social-network-analysis,10
social-outings,10
social-selling,10
socialize-over-dinner,10
socially-conscious-enterprise,10
socially-environmentally-responsible-investing,10
socket-io,10
solar,10
sound-design,10
sound-engineering,10
south-america,10
south-shore,10
special-effects,10
sport-technology,10
sports-marketing-and-media,10
sports-performance,10
spotlight-on-disruptive-and-destructive-forces,10
spring-xd,10
spss,10
sql-on-hadoop,10
ssds,10
stage3d,10
stakeholder-management,10
stanford-artificial-intelligence-course-cs-221,10
start-ups,10
startup-business,10
startup-financing,10
startup-pitch-night,10
startup-saturdays,10
startup-services-planning-forecasting-funding,10
startuppitchnight,10
stemcell,10
stereography,10
stereoscopy,10
stocks-and-options,10
storage-solutions,10
strategy-board-games,10
streaming-and-social-networks,10
streaming-audio,10
studying,10
style-bloggers,10
success,10
super-cheap-trading,10
super-fast-trading,10
super-quant-trading,10
super-smart-trading,10
sustainable-community,10
sustainable-food,10
svensk,10
svenska,10
sweden,10
swedish-language,10
symfony2,10
synthesizer,10
systems-automation-with-ruby,10
table-tennis,10
tablet-applications,10
tachyon,10
tcp-ip,10
teachers-instructors-and-professors,10
tech-business-models,10
tech-creators,10
techies,10
technology-and-crisis-response,10
technology-and-design,10
technology-classes,10
technology-jobs,10
technology-science-and-engineering,10
tedx,10
test-engineering-hardware,10
testing-web-site-performance,10
textilearts,10
the-art-of-business-negotiations,10
the-internet-society,10
the-quantified-self,10
think-tank,10
titanium,10
toefl,10
touch-and-gestures,10
touch-events,10
tours,10
transcendence,10
transformation,10
transformative-social-change,10
transgender-friendly,10
translation,10
tween-and-teen-activities,10
tweens,10
twitch,10
twitter-developers,10
typescript,10
ubiquitous-computing,10
ui-ux,10
unconferences,10
unemployed-immigrant,10
unemployment,10
unemployment-support,10
unit-testing,10
unity-3d-tips,10
unreal-engine,10
upper-west-side,10
use-linkedin-to-market-your-business,10
user-engagement,10
using-kickstarter-to-fund-creative-projects,10
using-technology-to-scale-your-business,10
using-the-ipad-as-a-disruptive-education-device,10
using-twitter-for-business,10
vaadin,10
varnish,10
varnish-cache,10
vdi-virtual-desktop-infrastructure,10
veteran-business-development,10
video-and-photography-for-internet-marketing,10
video-developers,10
video-performance-analysis,10
visimpaired,10
visual-search,10
vlogging,10
volumetric,10
wahm,10
wan-acceleration,10
watchkit,10
wbasketball,10
wcf,10
wealth-creation,10
wealth-management,10
web-based-r-reporting,10
web-entrepreneur,10
web-gl,10
web-product-building-and-marketing,10
web-site-analytics,10
website-development-and-design,10
website-traffic,10
weight-loss-contest,10
welding-tips-tricks-and-trade,10
wem,10
western-mahjongg,10
what-are-the-best-books-for-ruby-on-rails,10
what-are-the-best-tools-for-ruby-on-rails,10
whats-the-future-of-content-marketing,10
whiskey,10
whiskey-tasting,10
wikileaks,10
windows-10,10
windows-8-ux,10
windows-phone-8-development,10
windows-rt-app-development,10
wine-and-food-pairing,10
wireshark,10
womens-self-empowerment,10
womensports,10
word-of-mouth-marketing,10
wordpress-small-business-websites,10
wordpress-user-community,10
wordpress-workshops,10
work-at-home-dads,10
working-from-home-effectively,10
workingmoms,10
world-wide-web,10
wp-7-app-developers,10
wpf,10
xboxhack,10
yammer,10
young-entrepreneurs-seeking-mentorship,10
young-women-entrepreneurs,10
your-digital-business,10
zend-framework,10
2-meter-ham-radio-operators,9
activedogs,9
aerospace-and-aeronautics,9
aerospace-engineering,9
african-american-bloggers,9
amateur-radio,9
animalrescue,9
animalwelfare,9
astrophysics,9
athletic-performance-training,9
automated-trading-strategies,9
backup-and-recovery,9
blender,9
building-your-cloud,9
carbon-fiber-components-fabrication,9
cloud-services,9
cms-for-designers,9
collaborative-consumption,9
collective-intelligence,9
computer-hardware,9
connecticut,9
content-search,9
data-strategy,9
design-of-experiments,9
deskside-support,9
digital-storytelling,9
dog-adoption,9
dog-and-cat-rescue,9
dog-hikes,9
dog-parks,9
dog-play-groups,9
dog-rescue-volunteering,9
dog-walks,9
dogrescue,9
dogs,9
domain-names,9
domain-registration,9
drupal-community,9
econometrics,9
electric-vehicle-enthusiasts-and-leaders,9
electronic-music-recording-and-production,9
enterprise-network-virtualization,9
experimental-electronic-music,9
fairfield-county,9
female-bloggers,9
fine-arts,9
freelance-editors,9
freelancers-in-new-york-city,9
frenchbulldog,9
fundraising-for-animals,9
hardware-club,9
hosting,9
interesting-things-to-do,9
israel-startups,9
it-networking-professional-associations,9
licensed-amateur-radio-operators,9
lock-picking,9
macintosh,9
mixed-media-art,9
mobile-emerging-platforms-technology-business,9
network-administration,9
nutraceuticals,9
pci-compliance,9
performing-arts,9
petadoption,9
pets-animals,9
photography-business,9
professional-latinas,9
regulatory-compliance,9
retail-sales,9
rocketry,9
sales-trading,9
science-based-nutrition,9
screenwriters,9
secure-software-design,9
service-catalogue-management,9
service-now-com,9
service-oriented-architecture,9
servicenow,9
smart-phones,9
social-and-cultural-anthropology,9
social-media-training,9
soft-skills-training,9
software-radio,9
space-flight,9
spaceflight,9
spring,9
sun,9
tfs,9
travel-photography,9
troubleshooting,9
venture-capital-firms,9
virtual-freelancers,9
web-hosting,9
web-hosting-and-design,9
web-service-security,9
woocommerce,9
3d-visualization,8
adobe-creative-suite,8
adobe-livecycle,8
adobe-pdf,8
adtech,8
adult-basketball,8
affiliate-marketing-ecommerce,8
agile-mindset,8
agile-programming,8
art-festivals,8
axure-rp-interactive-wireframing,8
basketball-lovers,8
beer-events,8
bouldering-and-rock-climbing,8
buckeyes,8
business-ideas,8
business-start-up,8
business-strategy-and-coworking,8
c-programming,8
challenges,8
cisco-career-certifications,8
climate-change,8
college,8
considering-an-online-ecommerce-retail-store,8
console-gaming,8
construction-professionals,8
cool-old-technology,8
customer-satisfaction,8
digital-designers,8
dji-phantom,8
ektron-developer-meetup,8
ektron-developers,8
festivals,8
film-festivals,8
filmmakers-screenwriters-other-film-crew,8
financial-planning,8
forms,8
forth-programming-language,8
fpv-racing,8
frontend,8
google-tag-manager,8
helping-non-profits,8
i-t-support,8
independent-filmmakers,8
interior-design-trends,8
java-concurrency,8
java-ee,8
java-server-side,8
java-virtual-machine,8
learn-to-knit,8
livecycle-designer-es2,8
manufacturers-ecommerce,8
minecraft,8
minecraft-mods,8
minecraft-servers,8
mobile-marketing-technology,8
native-code-generation-for-mobile,8
nginx,8
non-fiction-storytelling-spin-a-true-tale,8
nonprofit-communications,8
nonprofit-solutions,8
northwestern-university-alumni,8
ohio-state-alumni,8
ohio-state-buckeyes,8
ohio-state-university,8
omniture,8
onlinegaming,8
osgi,8
otp,8
passion,8
patents-and-copyrights,8
patents-and-copyrights-for-your-business,8
portfolio-programme-project-office,8
public-talks-lectures-debates-discussions,8
pursuing-an-education-in-information-technology,8
qlik-sense,8
quad-copters,8
rc-helicopters-remote-controlled-helis,8
real-estate,8
real-estate-technology-social-media,8
recent-college-grads,8
recruiting-marketing-professionals,8
risk-assessment,8
sap-business-intelligence,8
self-sufficiency,8
southeast-asia,8
staffing,8
sustainable-frameworks-in-javascript,8
tea,8
understanding-patent-rights,8
unikernel,8
volunteering-for-a-worthy-cause,8
weather,8
web-analytics-wednesdays,8
windows-app-hackathon,8
women-startup-entrepreneurs,8
workflow,8
adobe-illustrator,7
adobe-photoshop,7
adventure,7
amazon-elastic-mapreduce-amazon-emr,7
applied-cognitive-science,7
arduino-uno,7
artificial-general-intelligence,7
audio,7
baseball,7
biometrics,7
biostatistics,7
books-and-drinks,7
careers,7
censorship,7
city-biking,7
cocktails,7
cognition,7
comptia,7
computing,7
contemporary-artist,7
critique,7
css-next,7
cuny,7
current-affairs,7
database-engineers,7
electronics-as-a-hobby,7
enterprise-content-management,7
es-next,7
es6,7
euro-games,7
fabric,7
federal-government-contractors,7
film-makers,7
gambling,7
generating-roi-using-social-marketing,7
google-polymer,7
htc-vive,7
html-next,7
indie-game-development,7
innovation-professionals,7
internet-e-business-startups,7
internet-online-web-technology,7
latin-america,7
learn-programming,7
makerbot,7
managed-services,7
microcontroler-and-electronics-designers,7
msp,7
pc-information-from-novice-to-advance,7
platform-evangelism,7
public-health-statistics,7
reprap,7
roi,7
technical-evangelism,7
the-economist,7
universal-design,7
user-feedback,7
using-amazon-elastic-mapreduce,7
video-and-computer-animation,7
web-and-mobile-apps,7
web-components,7
web-next,7
weka,7
white-papers,7
3d-tv,6
3dr,6
4k-video,6
academic-papers,6
acting,6
actionscript,6
algorithms-and-computational-theory,6
archimate,6
asp-net-and-mvc,6
audio-signal-processing,6
azure-stream-analytics,6
bergen-county,6
beta-theta-pi,6
bhyve,6
big-business-strategies-at-small-business-costs,6
black-and-women-of-color-leadership-exchange,6
black-feminism,6
black-women-executives,6
blue-devils,6
bots,6
bowling,6
building-private-cloud-with-eucalyptus,6
business-management,6
career-transition,6
ccba,6
ccnp,6
ccnp-ccie,6
ciso,6
clinical,6
clinical-research,6
clinical-research-associates,6
clinical-research-coordinators,6
clinical-research-professionals,6
cobit,6
coffee,6
coffeescript,6
comedy,6
cortana-analytics,6
cosplay,6
cultural-awareness,6
danish,6
danish-language-conversation,6
dansk,6
datomic,6
decentralized-autonomous-organizations-daos,6
desktop-development,6
developer-tools,6
digital-intelligence,6
duke-university,6
email-security,6
empathy,6
entertainment,6
entrepreneur-professionals-concerts-charity-events,6
enyo,6
expat-danish,6
expression-engine,6
female-gamers,6
feminist-women-of-color-solidarity-and-support,6
firewalls,6
flex,6
fpv,6
fuji-w3-3d-camera,6
functors-and-monads,6
game-modding,6
getting-organized,6
google-app-engine,6
hardenedbsd,6
hebrew,6
highly-sensitive-people,6
hispanic-women,6
hobbies,6
hortonworks,6
human-centered-computing,6
ibmi,6
interaction,6
internet-privacy,6
introversion,6
iso-iec-20000,6
iso-iec-27001,6
it-directors,6
it-management,6
latina-women,6
latinas,6
latinas-in-social-media,6
latino-a-business-networking,6
latino-a-friends,6
latino-a-networking,6
latism,6
life-coaching,6
liferay-ee,6
live-coding,6
local-events-and-festivals,6
meeting-google-plus-users-smile-to-smile,6
news-broadcasting,6
north-brooklyn,6
novel-reading,6
official-google,6
over-50,6
panasonic-ag-3da1,6
postgresql-and-open-source-projects,6
powerbi,6
prince2,6
publicspeaking,6
quickbase,6
reddit,6
regulatory-issues,6
restful,6
semantics,6
semiconductor,6
social-apps,6
social-media-data-mining,6
sonicwall,6
stock-investing,6
structural-engineering,6
technology-web-new-education-law,6
time-management-personal-productivity,6
topcoder,6
user-centered-design,6
view-master,6
volunteer-to-possibly-act-in-a-local-youtube-video,6
web-appplication-security,6
web-bot,6
web-development-with-asp-net-mvc,6
womanist,6
women-over-50,6
wordpress-for-blogging,6
young-latino-professionals,6
youtube-for-businesses-entrepreneurs,6
zero-energy-buildings,6
adobe-after-effects,5
adobe-creative-cloud,5
amazon-com,5
app-store,5
application-delivery,5
architecture-in-tel-aviv,5
asian,5
asian-americans,5
band-aid-brand,5
bauhaus-in-tel-aviv,5
bayesian-probability,5
browser-apps,5
business-continuity,5
career-change-and-career-search,5
cfa-candidates,5
chinese-culture,5
circuit-design,5
cloud-native,5
clustering,5
coffee-books,5
columbia-university,5
creating-a-crm-with-filemaker,5
creative-cloud,5
dating-and-relationships,5
declarative-programming,5
desis,5
development-using-postgresql,5
devops-automation,5
digital-fabrication,5
digital-film-making,5
digital-music,5
digital-signal-processing,5
embracing-diversity,5
energy-efficiency-renewable-power,5
f5-ltm-f5-gtm-f5-asm-f5-apm,5
f5-networks,5
fab-lab,5
fba-fulfillment-by-amazon,5
finding-a-cto,5
from-concept-to-commercial-success,5
frum,5
fun-and-laughter,5
game-of-thrones,5
general-assembly,5
gettingthingsdone,5
girlfriends-doing-cool-stuff,5
going-out-in-brooklyn,5
gokarts,5
graphics,5
gtd,5
hawaiian-food,5
hiphop,5
htpc-home-theater-pc,5
iad,5
ideators-inventors-innovators,5
indian-professionals,5
indians,5
information-rights-management,5
interface-builder,5
inventors-help,5
investment-management,5
japanese-culture,5
library-students,5
life-long-learning,5
magazine-publishing,5
microsoft-active-directory,5
monte-carlo-simulation,5
multimedia-art,5
museum,5
night-life-social-movies-fun-games-night,5
online-selling,5
photojournalism,5
political-activism,5
practice-your-interview-skills,5
probabalistic-graphical-models,5
probabilistic-graphical-models,5
probability-theory,5
professional-singles,5
programming-language-theory,5
radishfarming,5
religion,5
robot-art-sculpture,5
role-of-library-and-librarians,5
sas-software,5
selling-on-amazon,5
server-load-balancing-methods,5
singles-30s-50s,5
sneakers,5
social-media-metrics,5
social-media-monitoring,5
social-media-strategie,5
software-and-hardware,5
solid-state-storage,5
system-on-chip-soc,5
systems-biology,5
technical-architecture,5
test-group,5
udacity,5
web-site-marketing,5
williamsburg,5
women-inventors,5
young-professional-singles,5
zachman,5
2d-game-development,4
active-successful-visionary-dreamer-doer,4
angular2,4
animals,4
apple-mac,4
apple-software-development,4
aspiring-authors,4
aspiring-writers,4
asset-performance-management,4
ax-2012,4
best-practices-for-social-media-marketing,4
build-automation,4
building-information-modelling-bim,4
business-objects,4
business-school-alumni,4
business-school-students,4
ccie-cisco-certified-internetwork-expert,4
ccsp-cisco-certified-security-professional,4
cell-phones-make-me-crazy,4
centos,4
certified-business-analysis-professional,4
cg-animation,4
chief-executive-office,4
cloud-architecture,4
commercial-real-estate-solutions,4
computer-technology,4
conversations-in-russian,4
copywriters,4
cycling-for-fitness,4
cycling-training,4
day-to-day-living-with-type-1-diabetes,4
defcon,4
digital-magazines,4
disaster-recovery-business-continuity,4
diy-classes,4
diy-projects,4
drupal-content-administrators,4
drupal-designers,4
drupal-means-business,4
dynamics-ax,4
editorial-strategy,4
elm,4
encryption,4
erp-cloud,4
expatrussian,4
exploring,4
fda-requirements-for-medical-device,4
follow-your-dreams-and-your-passions,4
ge-digital,4
german,4
google-glass-app-design,4
government-contracting,4
hacking-research,4
hadoop-on-azure,4
hardware-components,4
how-to-create-a-digital-magazine,4
how-to-write-good-content,4
ideas,4
illustration,4
indian-culture,4
indian-singles,4
information-assurance,4
inkscape,4
innovation-and-invention,4
keyboard,4
keyboards,4
ladies-who-code,4
learn-computer-programming,4
learning-yiddish,4
living-well-with-type-1-diabetes,4
localpolitics,4
mac-user-group,4
make-magazine,4
marketing-operations,4
maya,4
mba,4
medical-device-sales,4
microsoft-dynamics-ax,4
mobile-phones,4
movement,4
national-politics,4
network-management-and-monitoring,4
new-business-startup,4
new-jersey-drupal-users,4
new-product-development-model-for-medical-device,4
non-fiction-writing,4
norway,4
occupy-wall-street,4
oracle-database-administration,4
organic-chemistry,4
ovirt,4
performance-computer-system-building,4
personalisation,4
predix,4
presentation-on-digital-media-advertising,4
project-safe,4
protecting-my-invention,4
publishing-your-work,4
russian-speaking,4
russian-speaking-friends,4
safe-network,4
scratch,4
scratch-educators,4
self-publishing-how-to,4
share-new-ideas-that-work,4
small-business-marketing-management,4
software-tweaks,4
sourcer,4
speaking-swedish,4
sproutcore,4
stack-overflow,4
strengthening-drupal,4
support-for-people-with-diabetes,4
systems-analysis,4
talent-management,4
teaching-of-programming,4
tensorflow,4
test-frameworks,4
type-1-diabetes,4
type-1-diabetic-adults,4
type-i-diabetes,4
using-your-mac-creatively,4
video-game-composer,4
visual-effects,4
we-are-the-99-percent,4
webvr,4
what-inventions-are-protected-under-patents,4
application-virtualization,3
asian-entrepreneurs,3
asterisk,3
asteriskpbx,3
beagles,3
black-men,3
blogging-and-video,3
charity-philanthropy,3
china,3
confidence,3
daytraders,3
desktop-virtualization-hosted-and-local,3
digital-customer-experience,3
discovery,3
dsp,3
esl-conversation-classes,3
expatspanish,3
exploring-science,3
football,3
fusion-360,3
get-a-job,3
gnu-radio,3
improve-your-local-business-area-and-grow-profits,3
inclusive-diverse,3
indo,3
indoor-rock-climbing,3
infosec,3
inspirational,3
internet-marketing-strategies-for-business-owners,3
ipad-and-iphone-users,3
ipad-app-reviews,3
ipad-for-business,3
ipad-monitization,3
israel-entrepreneurs,3
israeli-developers,3
jaspersoft,3
learning-to-code,3
led-lighting,3
lego-nxt-robots,3
lego-robotics,3
local-online-marketing,3
local-producers-and-directors,3
mah-jongg,3
meeting-new-people-that-share-the-same-interest,3
microsoft-certification,3
monetizing-blogging,3
networking-with-other-local-business-owners,3
novice-ipad-user,3
online-stores,3
overcoming-social-anxiety,3
personal-robots,3
philippines,3
presentation-virtualization,3
producers-and-directors,3
rad,3
radio-frequency,3
rf-communications,3
robotics-competition,3
security-devices,3
sem,3
seo-internet-marketing,3
server-virtualisation,3
service-providers,3
shopify,3
shy,3
signal-processing,3
smart-phone-development,3
social-anxiety,3
social-recruiting,3
spanish,3
sports-bar,3
spring-cloud,3
sql-azure,3
startups-in-china,3
talent,3
talk-radio,3
test,3
thailand,3
tips-to-market-iphone-apps,3
tv-shows,3
vietnam,3
womens-fitness,3
womens-network,3
3d-printworkshop,2
3d-prototyping-printing,2
adobe-photoshop-for-beginners,2
affiliate-marketing,2
altcoins,2
alumni,2
appreneurs,2
backbone,2
basic-of-nfc-near-field-communication,2
bigscreen-littlescreen,2
biohacking,2
biotechnology-industry-organization,2
bookclubs,2
business-solutions,2
c-programming-language,2
certified-public-accountants,2
change-the-world,2
chat-over-tea-coffee,2
clean-code,2
cloud-to-cloud-itegration,2
college-alumni-groups,2
computer-networks,2
computers-and-software,2
crypto-tokens-ethereum,2
culture-and-international-development,2
dapps-decentralized-applications,2
deep-reinforcement-learning,2
design-futures,2
designing-for-mobile-devices,2
desktop-virtualization,2
disability,2
disabled,2
disaster-relief,2
economic-and-social-justice,2
emerging-media,2
employment,2
facebook-advertising,2
financial-education,2
financial-security,2
flow,2
gdg,2
genderqueer,2
genetics,2
glass,2
global-citizenship,2
global-disaster-relief,2
hp-touchpad,2
hp-veer,2
hp-webos,2
humanitarian-aid,2
humanitarian-relief,2
humanity,2
inclusion-diversity,2
informatica,2
internet-safety,2
intlrel,2
it-education,2
job-hunting,2
knime,2
knitting-for-beginners,2
lectures,2
life-enhancement,2
limug,2
local-activities,2
logo-design,2
long-island,2
lunch-and-learn,2
machine-data,2
marionette,2
marionette-js,2
meetupfairy,2
messaging-systems,2
metal-fabrication,2
microlending,2
midwest,2
midwest-transplants,2
millennials,2
mobile-testing,2
mojo,2
music-composition,2
nepal,2
nepal-trekking,2
networking-for-it-job-seekers,2
nootropics,2
nsa,2
over-40,2
palm-pixi,2
palm-pre,2
people-of-color,2
photoshop-training,2
poverty,2
product-design-engineering,2
quantum-mechanics,2
quantum-physics,2
quantumcomputing,2
retail-marketing,2
right-to-individual-privacy,2
sandbox,2
sharepoint-implementations-best-practices,2
social-gaming,2
ssas,2
ssis,2
stem-education,2
superdao-ethereum-multi-dapp-dao,2
superintelligence,2
supervised-learning,2
tea-appreciation,2
textiles,2
the-future,2
the-future-of-cities,2
tokens,2
tourism,2
transgender-non-binary,2
transgendered-individuals,2
travel,2
tutoring,2
vmug,2
vmware-user-group,2
webos,2
wtf,2
young-professional-networking,2
2d-3d-modeling,1
accelerated-learning-learning-how-to-learn,1
african-american-women,1
agriculture,1
alt-net,1
alumni-networking,1
anxiety-support,1
architectonics,1
asperger-syndrome,1
autism,1
autism-spectrum-disorder,1
blockstack,1
business-strategies-and-networking,1
career-coaching,1
cmu-alumni,1
code,1
code-katas,1
coding-for-beginners,1
computer-gaming,1
confidence-and-self-esteem,1
contractors,1
coursera-org,1
dao,1
data-art,1
data-protection,1
depression,1
dna-sequencing,1
doctors,1
documentation,1
dpl,1
e-business,1
e-discovery,1
ecto,1
electronic-discovery,1
emc,1
emotional-intelligence,1
entrepreneurs-helping-entrepreneurs,1
expressjs,1
fitness-boot-camp,1
flash-game-designers,1
foss,1
gardening,1
go-language-talks,1
grafana,1
growth-strategy,1
hacking-together-art-design-and-code,1
high-functioning-autism,1
humanitarian,1
humanities,1
indian,1
indiepublish,1
information-management,1
intelligent-conversation,1
international-arts,1
internet-business,1
internet-law,1
it-career-consulting,1
jekyll,1
jewlery-making,1
job-fair,1
journal-club,1
language-exchange,1
legislative-issues,1
linux-training,1
litigation-support,1
lorawan,1
maghreb,1
maghreb-morocco-algeria-tunisia-lybia,1
mandarin-chinese,1
markdown,1
mathematica,1
mcommerce,1
mental-health-support,1
microcredit,1
microfinance,1
mobile-forensics,1
mono,1
natural-science,1
net-developers,1
nodeschool,1
nursing,1
online-publishing,1
oral-storytelling,1
p-i-police-forensic-investigating-skills-here,1
pakistani,1
pakistani-professionals,1
pakistanis,1
personal-transition-and-career-change,1
personalized-medicine,1
phoenix-framework,1
process-engineering,1
protocol,1
real-time-apps,1
real-time-physics-particles-engines,1
reality-street-self-defense,1
realtime-apps,1
rendering,1
retail-technoloty,1
rethinkdb,1
role-playing-games-rpgs,1
salesforce-com-crm,1
salesforce-training,1
service-management,1
social-tv,1
software-modeling,1
specialed,1
sprite-kit,1
statistical-science,1
story-telling,1
talking,1
tdd,1
technical-writing,1
ted,1
the-maker-learning-model,1
traction,1
venture-capital-and-startup,1
vertical-gardening,1
visual-arts,1
walkers,1
web-apps,1
wordpress-security,1