"Get your ideas or business UNSTUCK ","40.461357","-79.924568","Zeke s Coffee","6012 Penn Ave","2015-03-09 07:00"
"NEW CLASSES Advanced Beginners","40.430318","-79.893478","Wilkins School Community Center","7604 Charleston Ave","2015-03-09 11:00"
"Level 24 - Buddha Says Wake Up ","40.692699","-80.105698","Quantum Counseling Services","One Landmark North Suite 205A 20399 Route 19 Brandt Drive","2015-03-09 12:00"
"Zumba Class ","40.408634","-79.99115","Temple Baptist Church","743 Brownsville Rd","2015-03-09 16:30"
"Squirrel Hill Writers Group","","","","","2015-03-09 17:00"
"Pilates Mat Class","40.408634","-79.99115","Temple Baptist Church","743 Brownsville Rd","2015-03-09 17:15"
"Monday March 9 2015 - Membership Meeting Grazie Event Center","40.633961","-80.050583","Grazie Restaurant and Event Center","100 Village Club Dr","2015-03-09 18:00"
"Trivia in Monroeville Plum- Monday Night ","","","","","2015-03-09 18:00"
"Interactive computing with live notebooks IHaskell demo and workshop","40.444366","-79.94558","Heinz College - Hamburg Hall","4800 Forbes Avenue","2015-03-09 18:00"
"Photo Editing Workshop --interest inquiry only","","","","","2015-03-10 11:00"
"The Poisoner s Handbook - FREE DOCUMENTARY ","40.44175","-79.99752","Carnegie Library of Pittsburgh - Downtown and Business Branch","612 Smithfield Street","2015-03-10 11:15"
"Scrapbooking Tuesday 2nd Tuesday of the Month.","40.565886","-79.765609","PUGDOG S Rock and Bead Shop","933 Fifth Avenue","2015-03-10 16:00"
"Book Club","40.303905","-79.544739","The White Rabbit Cafe and Patisserie","113 N. Main St.","2015-03-10 16:30"
"Tuesday Movie Only - The Second Best Exotic Marigold Hotel","40.570404","-80.01837","Cinemark North Hills and XD (McCandless Crossing) ","851 Providence Boulevard","2015-03-10 16:30"
"TypeScript - What is it and how can I use it ","40.448093","-80.003136","Microsoft Corporation","30 Isabella St 202","2015-03-10 16:30"
"Pattern Practice Carnegie Evenings","40.406994","-80.085823","Andrew Carnegie Free Library and Music Hall","300 Beechwood Avenue","2015-03-10 17:00"
"Sketching an Installation Starbucks in Market Square","40.440247","-80.002228","Starbucks","7 Market Sq (Market Square)","2015-03-10 17:00"
"Aspinwall Toastmasters Open House","40.485355","-79.886032","Lighthouse Point. 500 Chapel Harbor Drive. O Hara Twnshp Pa. 15238","500 Chapel Harbor Drive. O Hara Twnshp Pa. 15238","2015-03-10 17:00"
"Mah Jong in Shadyside (Note We also have beginner class tonight )","40.456543","-79.915108","Panera Bread - Bakery Square","136 Bakery Square Blvd (aka 6425 Penn Ave)","2015-03-10 17:00"
"Mah Jong 101 - intro for beginners","40.438339","-79.997467","Panera Bread 4344 136 Bakery Square","(aka 6425 Penn Ave)","2015-03-10 17:00"
"Free public Speaking and Leadership Open House Toastmaster s Intl. in Aspinwall ","40.485355","-79.886032","Lighthouse Point. 500 Chapel Harbor Drive. O Hara Twnshp Pa. 15238","500 Chapel Harbor Drive. O Hara Twnshp Pa. 15238","2015-03-10 17:00"
"Plant-based Nutrition Support Group (east Pgh.)","40.455193","-79.666946","Murrysville Community Library","4130 Sardis Rd","2015-03-10 17:30"
"AmpersandJS","40.461296","-79.923386","Bessemer Alliance","6101 Penn Ave Suite 601","2015-03-10 17:30"
"Intermediate Italian (Evening class)","40.430318","-79.893478","Wilkins School Community Center","7604 Charleston Ave","2015-03-10 17:45"
"Mastermind Dinner Series - Exclusively for Premier Members","40.615174","-80.092667","Bella Frutteto","2602 Brandt School Rd","2015-03-10 18:00"
"Knit night at Duke s","40.394966","-80.06115","Duke s Rib House and Grille","1910 Cochran Road","2015-03-10 18:00"
"Speed Dating Event For All Single Professionals Ages 50-60","40.4432","-80.00244","Olive or Twist","140 6th St","2015-03-10 18:00"
"Broken Plow intermediate weekly practice","0","0","En Garde Fencing Club ","352 Butler Street, Pittsburgh, PA 15223","2015-03-10 18:00"
"Cathedral Climb then Lulu s Noodles ","40.444649","-79.952599","Cathedral of Learning (by the 1st floor Elevators)","4200 Fifth Avenue","2015-03-10 18:00"
"Speed Dating Event For All Single Professionals Ages 50-60","40.4432","-80.00244","Olive or Twist","140 6th St","2015-03-10 18:00"
"Open Mic Night at WSCC in Regent Square","40.430318","-79.893478","Wilkins School Community Center","7604 Charleston Ave","2015-03-10 18:00"
"Free In-Store Clinic - GoPro Camera 101","40.54271","-80.00949","L.L.Bean Store at Ross Park Mall","1000 Ross Park Mall Drive","2015-03-10 18:30"
"Help out at the Oakland Community Pantry","40.433662","-79.961472","CHS Oakland Community Pantry","370 Lawn St. ","2015-03-11 09:00"
"WSBA The Network Lunch - Shaler Gibsonia","40.613205","-79.900291","La Casa Narcisi Winery","4578 Gibsonia Road Route 910","2015-03-11 10:30"
"Second Wednesday Meditation Group","40.441776","-79.997383","Carnegie Library of Pittsburgh - Downtown and Business","612 Smithfield St","2015-03-11 11:00"
"NEW CLASSES Advanced Beginners","40.430318","-79.893478","Wilkins School Community Center","7604 Charleston Ave","2015-03-11 11:00"
"Network After Work at Latitude 360","40.446178","-80.177849","Latitude 40","200 Quinn Dr","2015-03-11 17:00"
"Reiki Workshop Heart Chakra (Rescheduled)","40.328297","-80.12561","Holistic Approach 4 Life","850 Boyce Road Suite 10","2015-03-11 17:00"
"Let s play Scrabble ","40.436432","-79.958084","Panera","3401 Boulevard of the Allies","2015-03-11 17:00"
"Protractor e2e","40.460442","-79.926735","Summa","5933 Baum Blvd","2015-03-11 17:00"
"Play Eurogames ","40.432976","-79.917404","Crazy Mocha - (412) 521-1056","Squirrel Hill (corner of Hobart and Murray)","2015-03-11 17:00"
"MIS Bariatric Support Group Live webcast","40.434307","-79.953354","Magee-Womens Hospital Auditorium Level Zero","300 Halket Street","2015-03-11 17:00"
"Night Notes Cocktails and Casual Music Only 6 Spots [Folk music. Eve Goodman ]","","","","","2015-03-11 17:15"
"Level 25- Sermon on the Mount The Be Attitudes","40.692699","-80.105698","Quantum Counseling Services","One Landmark North Suite 205A 20399 Route 19 Brandt Drive","2015-03-11 17:30"
"Build Guild Pittsburgh","40.46257","-79.950127","Lot 17","4617 Liberty Avenue","2015-03-11 17:30"
"Shadyside Stammtisch","40.45672","-79.929955","Crazy Mocha","5830 Ellsworth Ave","2015-03-11 17:30"
"Women s (Cheese) Day ","40.448215","-79.895462","East End Food Co-Op","7516 Meade Street","2015-03-11 17:30"
"Women s (Cheese) Day ","40.448452","-79.895866","East End Food Co-Op","7516 Meade St","2015-03-11 17:30"
"Adv. INTERMEDIATE ITALIAN (10 sessions)","40.430318","-79.893478","Wilkins School Community Center","7604 Charleston Ave","2015-03-11 17:45"
"Beginner PLUS 2nd Wednesday","40.430318","-79.893478","Wilkins School Community Center","7604 Charleston Ave","2015-03-11 18:00"
"Steel City Karaoke at The Smiling Moose","40.428715","-79.984962","Smiling Moose","1306 E Carson St","2015-03-11 20:30"
"Steel City Karaoke at The Smiling Moose","40.428715","-79.984962","Smiling Moose","1306 E Carson St","2015-03-11 20:30"
"Networking in Cranberry Seven Fields Mars","40.684216","-80.050003","Adam s Ridge Clubhouse","100 Adams Ridge Boulevard","2015-03-12 06:15"
"Cloudera Sessions Kickstart Your Data Journey","40.439758","-79.991226","Pittsburgh Marriott City Center","112 Washington Pl","2015-03-12 08:00"
"Cloudera Sessions Kickstart Your Data Journe","40.439758","-79.992439","Marriott City Center - Pittsburgh","112 Washington Place","2015-03-12 08:00"
"Baby Jam","40.332137","-80.031073","Bethel Park Library","5100 W Library Ave","2015-03-12 09:00"
"Monthly Meet n Greet in Wexford","0","0","A Mother s Boutique","11530 Perry Highways Suite 106","2015-03-12 10:00"
"TIME CHANGE GUEST INSTRUCTOR Zentanglers","40.37701","-80.045265","Mt. Lebanon Public Library","16 Castle Shannon Boulevard Mount Lebanon Pennsylvania 15228-2252 ","2015-03-12 12:00"
"Carnegie Museum s are FREE on thursdays from 4-8pm in March ","40.444138","-79.949265","Carnegie Museum of Art and Natural History","4400 Forbes Ave","2015-03-12 16:00"
"Carnegie Museum s are FREE on thursdays from 4-8pm in March Non-Hosted event ","40.444138","-79.949265","Carnegie Museum of Art and Natural History","4400 Forbes Ave","2015-03-12 16:00"
"Thurs night gaming","40.256481","-80.150963","Kings Family Restaurant","580 McClelland Rd","2015-03-12 16:45"
"March Informal","40.427914","-79.965233","Hofbr uhaus Pittsburgh","Southside Works","2015-03-12 17:00"
"Happy Hour at Claddagh Irish PUB Our St. Patrick s Day Happy Hour ","40.428202","-79.964952","Claddagh Irish Pub (Southside Works)","407 Cinema Dr","2015-03-12 17:00"
"Happy Hour at Claddagh Irish PUB Our St. Patrick s Day Happy Hour ","40.428202","-79.964952","Claddagh Irish Pub","407 Cinema Dr","2015-03-12 17:00"
"St. Patrick s Official Happy hour - Claddagh Happy St. Patrick s Day ","40.428202","-79.964952","Claddagh Irish Pub","407 Cinema Dr","2015-03-12 17:00"
"North Hills French Conversation Intermediate - Advanced","40.633533","-80.059784","Panera Bread","12071 Perry Hwy","2015-03-12 17:00"
"Introduction to Scala","40.437515","-79.92305","M Modal","1710 Murray Ave","2015-03-12 17:00"
"Join Us for a Free Basic Bike Maintenance Clinic","40.458889","-79.917595","Performance Bicycle","6401 Penn Ave","2015-03-12 17:00"
"Open sparring and practice","0","0","En Garde Fencing Club ","352 Butler Street, Pittsburgh, PA 15223","2015-03-12 17:00"
"Technical Discussions (Docker IDM Active Directory Integration)","40.434158","-79.970299","Pittsburgh Technology Council","2000 Technology Drive 100","2015-03-12 17:00"
"Mix Six for How I Learned What I Learned -- Beer food and a show for 25 ","40.443027","-80.00106","Pittsburgh Public Theater","621 Penn Ave","2015-03-12 17:00"
"Breastfeeding Moms Network","40.543304","-80.177643","Heritage Valley Sewickley","720 Blackburn Road","2015-03-12 17:15"
"Play ultimate on Thursday (INDOOR Cost Center)","0","0","Cost Center","3529 Allequippa St","2015-03-12 17:30"
"RACT monthly meeting","40.700504","-80.28228","The Avenue Theater","158 Brighton AVE","2015-03-12 18:00"
"Monthly Discussion","40.4492","-80.163345","Eat N Park ","100 Park Manor Dr. Pittsburgh PA","2015-03-12 18:00"
"South Hills Pittsburgh 9.12 Monthly Meeting","40.335861","-80.074348","McLaughlin Run Road Recreation Center Room","1770 McLaughlin Run Road","2015-03-12 18:00"
"Dev vs. QA Can t We All Just Get Along ","40.429848","-79.969833","Pair Networks","2403 Sidney Street Suite 210","2015-03-12 18:00"
"Salsa Dance classes Youtopia Studio Beginner and Mixed level Cuban style salsa ","40.435703","-79.922905","Youtopia dance studio","1918 Murray Avenue","2015-03-12 18:00"
"Salsa Dance classes Youtopia Studio Beginners and Intermediate Adv level salsa ","40.435703","-79.922905","Youtopia dance studio","1918 Murray Avenue","2015-03-12 18:00"
"Embodied Spiritual Awakening and the Role of Feelings","40.449139","-79.945808","Friends House","4836 Ellsworth Avenue","2015-03-12 18:00"
"GirlDevelopIt Code and Coffee","40.451702","-79.984444","21st Street Coffee and Tea","2002 Smallman St","2015-03-12 18:00"
"Games Night ","40.45903","-79.923882","TurnOn Pittsburgh","6110 Ellsworth Ave","2015-03-12 18:00"
"Scorsese curated list of Polish films screening at Pgh Filmmakers ","40.442879","-79.998611","Harris Theater","809 Liberty Ave","2015-03-12 18:30"
"Spring Art Show","40.356956","-80.05043","Galleria","1500 Washington Rd","2015-03-13 09:00"
"Quantum Miracles Charting Your Course","40.692699","-80.105698","Quantum Counseling Services","One Landmark North Suite 205A 20399 Route 19 Brandt Drive","2015-03-13 10:00"
"Mah Jongg at Moon Library every Friday 12-4","40.475914","-80.174187","Moon Township Public Library","1700 Beaver Grade Rd Ste 100","2015-03-13 11:00"
"Level 8 - Superposition Infinite Possibilities","40.692699","-80.105698","Quantum Counseling Services","One Landmark North Suite 205A 20399 Route 19 Brandt Drive","2015-03-13 12:00"
"WSBA The Network Lunch (TM) - West","40.508793","-80.223083","Jacksons Restaurant","8402 University Blvd","2015-03-13 12:00"
"The Journey Expo Pittsburgh 2015","40.568439","-80.012024","La Roche College","9000 Baback Blvd.","2015-03-13 12:00"
"Lightning Week 100 City Worldwide Meetup ","40.460442","-79.926735","Summa","5933 Baum Blvd","2015-03-13 13:00"
"Happy Hour","","","","","2015-03-13 16:00"
"FISH FRY MEET UP No. 3","0","0","Immaculate Heart of Mary Church","3058 Brereton Avenue Polish Hill","2015-03-13 16:15"
"Fish Fry and drinks","40.404789","-79.757034","St Nicholas Serbian Orthodox","2110 Haymaker Rd","2015-03-13 17:00"
"Friday Night Contra Dance","40.424454","-79.90132","Swisshelm Park Community Center","1050 Windermere Drive","2015-03-13 18:00"
"Vegan Bellydance Dinner Show Trivia Night (w middle eastern food prizes)","40.384995","-79.978584","Family Restaurant ","2614 Brownsville Road","2015-03-13 18:00"
"Vegan Bellydance Dinner Show Trivia Night (with prizes)","40.384995","-79.978584","Family Restaurant ","2614 Brownsville Road","2015-03-13 18:00"
"Vegan Bellydance Dinner Show Trivia Night (at a middle eastern restaurant)","40.384995","-79.978584","Family Restaurant ","2614 Brownsville Road","2015-03-13 18:00"
"Doomtown Reload Tournament","40.541824","-80.02695","Game Masters","3439 Babcock Blvd","2015-03-13 18:00"
"McBark and Brew","40.522995","-80.079155","Animal Friends","562 Camp Horne Rd","2015-03-13 18:00"
"Official Brazilian Carnaval of 2015 ","40.451527","-79.98497","CAVO Pittsburgh ","1916 Smallman St. (The Strip District)","2015-03-13 18:00"
"Metaphysics Social","","","","","2015-03-13 18:00"
"Monthly Critiques - March 2015","40.440624","-79.995888","Online Event","Internet","2015-03-13 18:00"
"CAPSIZED LIVE at ROCKY S RT8","40.543961","-79.963013","Rocky s Route 8","602 Willruth Drive Allison Park 15101","2015-03-13 18:30"
"Bible Discussion","40.453106","-80.003494","Allegheny Center Alliance Church","250 East Ohio Street","2015-03-13 18:30"
"Indoor Tennis - Friday night","40.374264","-80.057274","Mt Lebanon Tennis Center","900 Cedar Blvd","2015-03-13 19:00"
"2015 Trespass Artist Residency Series -- Groove Aesthetic because she said so","40.443642","-79.998665","Future Tenant","819 Penn Ave","2015-03-13 19:00"
"St. Patrick s Day Parade Tailgate ","40.437782","-80.00016","Smithfield and Blvd of Allies Garage","Smithfield Street and Blvd of the Allies","2015-03-14 05:00"
"St. Patrick s Day Parade Tailgate POTLUCK ","40.437782","-80.00016","Smithfield and Blvd of Allies Garage","Smithfield Street and Blvd of the Allies","2015-03-14 05:00"
"Investment Club Organizational Meeting II","40.4557","-79.895767","The Triplex","7238 Fleury Way","2015-03-14 08:00"
"Advanced Beekeeping Class","40.542927","-79.909286","Beechwood Farms Nature Reserve","614 Dorseyville Rd","2015-03-14 08:00"
"Join us for a Free Indoor Cycling Class","40.458889","-79.917595","Performance Bicycle","6401 Penn Ave","2015-03-14 08:00"
"Group workout","40.705158","-79.983467","Casa de Cardentey","111 Tindall Rd","2015-03-14 08:30"
"The Art of Falling Safely","40.450757","-79.943","First Unitarian Church","605 Morewood Avenue","2015-03-14 08:30"
"Pittsburgh Hormone Balancing Conference","40.495162","-80.205357","Embassy Suites","550 Cherrington Parkway","2015-03-14 09:00"
"Caf conversation at Coffee Tree (beginning and intermediate levels)","40.451405","-79.932838","Coffee Tree Roaster Meeting Room Shadyside","5524 Walnut St","2015-03-14 09:00"
"Urban Impact Goodwill Donation Drive","40.552092","-80.111189","Christ Church at Grove Farm","249 Duff Rd","2015-03-14 09:00"
"Model Investment Club (North) - Pittsburgh Chapter of BetterInvesting","40.571003","-80.034645","Northland Public Library","300 Cumberland Road","2015-03-14 09:00"
"bavarder en francais ","40.433531","-79.923204","Crazy Mocha","2100 Murray Ave","2015-03-14 10:00"
"Play ultimate on Saturday (at Schenley Oval)","40.431979","-79.94216","Schenley Oval Sportsplex","Overlook Drive 15207","2015-03-14 10:00"
"Fly Fishing Weekend - Day 2 March 14th","40.54268","-80.00944","L.L.Bean Store at Ross Park Mall","1000 Ross Park Mall Drive","2015-03-14 10:00"
"St. Patty s Karaoke-a-thon at The Smiling Moose","40.428715","-79.984962","Smiling Moose","1306 E Carson St","2015-03-14 11:00"
"St. Patty s Karaoke-a-thon at The Smiling Moose","40.428715","-79.984962","Smiling Moose","1306 E Carson St","2015-03-14 11:00"
"Board Games at Kings in Wexford","40.616222","-80.093391","Kings Family Restaurants","105 VIP Dr","2015-03-14 11:30"
"Wexford gaming at Kings","40.617134","-80.093559","Kings Family Restaurant","105 Vip Dr","2015-03-14 11:30"
"How about a movie - The 2nd Exotic Marigold Hotel","40.366787","-80.106682","Phoenix 18","1025 Washington Pike ","2015-03-14 12:00"
"Parsnip Ribs Black Rice Donuts Paella Raw Pat Thai Kelp Caesar Tamales","40.428825","-79.98455","Schwartz Market","1317 E Carson St","2015-03-14 12:00"
"Parsnip Ribs Black Rice Donuts Paella Raw Pat Thai Kelp Caesar Tamales","40.429133","-79.984559","Schwartz Market","1317 East Carson St.","2015-03-14 12:00"
"13th Age","40.541824","-80.02695","Game Masters","3439 Babcock Blvd","2015-03-14 12:00"
"Spanish Conversation Practice at Squirrel Hill Library","","","","","2015-03-14 12:00"
"Gratitude and the Happiness Advantage ","40.450757","-79.943","First Unitarian Church","605 Morewood Avenue","2015-03-14 12:00"
"All Quiet on the Western Front - BOOK DISCUSSION","40.436432","-79.958084","Panera Bread","3401 Blvd Of The Allies Oakland","2015-03-14 12:30"
"Dog Day Afternoon Hike at Hartwood Acres Park","40.570553","-79.927246","Hartwood Acres Park - Middle Road Parking Lot","Intersection of Middle Rd and Woodland Rd","2015-03-14 13:00"
"Game time ","40.682093","-80.12342","Crazy Mocha","1185 Freedom Road","2015-03-14 13:00"
"Green Dress Charity Run ","40.441841","-79.957336","Peter s Pub","116 Oakland Avenue","2015-03-14 13:00"
"ACIM Readings and Discussion ","40.460835","-79.926414","Carnegie Library of Pittsburgh - East Liberty","130 S Whitfield St","2015-03-14 13:00"
"Women s History Month Saturday Silver Screen Film Club","40.44175","-79.99752","Carnegie Library of Pittsburgh - Downtown and Business Branch","612 Smithfield Street","2015-03-14 13:30"
"St Paddy s Day at Claddaugh s Sat. March 14th ","40.428202","-79.964952","Claddagh Irish Pub","407 Cinema Dr","2015-03-14 17:30"
"Drama night and potluck dinner","","","","","2015-03-14 17:30"
"St. Patrick s Day BAR Crawl - Shadyside ","40.458241","-79.92527","mad mex","220 South Highland Avenue 15206","2015-03-14 18:00"
"Fundraiser Gala","40.444292","-79.955443","Soldiers and Sailors Hall","4141 5th Ave","2015-03-14 18:00"
"St. Patrick s Day Pub Crawl - Shadyside ","40.458237","-79.925461","Mad Mex","220 South Highland Avenue","2015-03-14 18:00"
"St. Patrick s Day Pub Crawl - Shadyside ","40.458237","-79.925461","Mad Mex","220 South Highland Avenue","2015-03-14 18:00"
"St. Patrick s Day Pub Crawl - Shadyside ","40.458221","-79.925133","Mad Mex Shadyside","220 S Highland Ave","2015-03-14 18:00"
"SWAN 2015 [Food 6 15 Show 7 30] Support Women Artists Now ","","","","","2015-03-14 18:30"
"Beagle Brothers night time Thunderbird Cafe","40.469284","-79.961594","Thunderbird Cafe","4023 Butler Street Lawrenceville","2015-03-14 20:00"
"March Assembly ","40.452686","-79.993263","The New Bohemian","887 Progress St","2015-03-15 09:00"
"Vegan Book Club... Film Edition ","40.46014","-79.946754","The Big Idea Cooperative Bookstore and Cafe","4812 Liberty Avenue","2015-03-15 10:00"
"Let s Make Soup from Scratch ","40.480885","-79.972717","Millvale Community Center","416 Lincoln Avenue","2015-03-15 10:00"
"Sunday Brunch","40.451435","-79.714752","Eighty Acres","1910 New Texas Road","2015-03-15 11:00"
"Play Games drink coffee and have fun ","0","0","Westmoreland Gaming Sportscards and Comics","316 Unity St, Latrobe, Pennsylvania 15650","2015-03-15 12:00"
"How to change a flat lessons then ride the 5 Star Trail","40.258644","-79.571187","Lynch Field","Rte 119","2015-03-15 12:00"
"Surveying the scene Carnegie Library in Oakland","40.444139","-79.949267","Carnegie Library Main (Oakland)","4400 Forbes Ave","2015-03-15 12:00"
"FIRST MEETING DOROTHY DUNNETT PITTSBURGH READERS","40.438122","-79.922546","Squirrel Hill Library Rm. B","5801 Forbes Avenue Pittsburgh PA 15217 PA","2015-03-15 12:00"
"Japanese Study Group level 2 Beginner","40.438137","-79.922536","Carnegie Library Squirrel Hill","5801 Forbes Avenue","2015-03-15 13:00"
"Afternoon High Tea at The Inn on Negley (Shadyside) - cost 23 plus gratuity.","40.453358","-79.931458","The Inn on Negley","703 South Negley Avenue","2015-03-15 13:00"
"Japanese study group for intermediate 1","40.438137","-79.922536","Carnegie Library Squirrel Hill","5801 Forbes Avenue","2015-03-15 14:00"
"Monthly Group Dinner at Piper s Pub (British cuisine)","40.428591","-79.979517","Piper s Pub","1828 E Carson St","2015-03-15 15:00"
"Japanese study group for intermediate 2","40.438137","-79.922536","Carnegie Library Squirrel Hill","5801 Forbes Avenue","2015-03-15 15:00"
"Italian Food And Pinball Afterparty","40.40823","-80.085305","Papa J s Ristorante","200 East Main Street","2015-03-15 16:00"
"March Contra Dance at CMU","40.441628","-79.941551","Skibo Small Gym","5098 Tech Street","2015-03-15 16:30"
"Let s practice Arabic ","40.426212","-79.965431","Crazy Mocha Coffee Company","2809 E Carson St","2015-03-15 17:00"
"BREW s Uncommon Game Nite ","40.410015","-80.024681","Brew on Broadway","1557 Broadway Avenue","2015-03-15 17:00"
" 5 Improv Comedy","0","0","Arcade Comedy Theater","811 Liberty Aveune 15222","2015-03-15 18:00"
" 5 Improv Comedy","0","0","Arcade Comedy Theater","811 Liberty Aveune 15222","2015-03-15 18:00"
"Free Guided 15 minute Meditation","40.428734","-79.986038","Yoga Digs ","1224 E Carson St. 3rd floor (use 13th st entrance)","2015-03-15 18:15"
"Get your ideas or business UNSTUCK ","40.461357","-79.924568","Zeke s Coffee","6012 Penn Ave","2015-03-16 07:00"
"Connellsville. NOW MONDAY","40.423576","-79.760391","2100 Mosside Boulevard ","Monroeville","2015-03-16 09:00"
"NEW CLASSES Advanced Beginners","40.430318","-79.893478","Wilkins School Community Center","7604 Charleston Ave","2015-03-16 11:00"
"Zumba South Hills","40.408634","-79.99115","Temple Baptist Church","743 Brownsville Rd","2015-03-16 16:30"
"Pizza and More 49--Special Edition ","40.469887","-79.960838","Row House Cinema","4115 Butler St","2015-03-16 16:30"
"Tacos and Movie ","40.469887","-79.960838","Row House Cinema","4115 Butler St","2015-03-16 16:30"
"Free Italian Classic Film Screening Profumo di Donna (Scent of a Woman)","40.437618","-79.989601","725 Fisher Hall - Duquesne University","600 Forbes Avenue","2015-03-16 17:00"
"Community Building Board Game Night","","","","","2015-03-16 17:00"
"Congolese Dancing - NOT A FORMAL MEETUP","","","","","2015-03-16 17:00"
"Fight Club Ready ... Set ... Action ","40.692699","-80.105698","Quantum Counseling Services","One Landmark North Suite 205A 20399 Route 19 Brandt Drive","2015-03-16 17:30"
"Happy Birthday Happy Hour","40.438511","-79.776917","Primanti Brothers","3847 Northern Pike","2015-03-16 18:00"
"412 Social Happy Hour Planning Committee Party at Cadilac Ranch","40.423784","-80.041341","Cadillac Ranch ","1060 Settlers Ridge Center Drive","2015-03-16 18:30"
"3rd Monday in North Hills","40.584347","-80.081696","Unitarian Universalist Church of North Hills","2359 West Ingomar Road ","2015-03-16 18:30"
"Happy Hour Planning Committee Party at Cadilac Ranch","40.458056","-80.128333","Cadilac Ranch","Robinson Township","2015-03-16 18:30"
"Monday Bowling ","40.435069","-80.066166","CRAFTON - INGRAM LANES","252 CRAFTON INGRAM SHOPPING CENTER","2015-03-16 18:30"
"Join us for our bi-monthly networking meeting.","40.447395","-79.71302","Pugliano s Italian Grill","1808 Golden Mile Highway","2015-03-17 11:30"
"WSBA The Network Lunch TM-East End","40.513401","-79.879776","Aladdins Eatery","Waterworks Plaza Freeport Road","2015-03-17 12:00"
"Iran Refracted Perspectives on Iranian Culture and Society","40.444595","-79.959839","Frick Fine Arts Auditorium","University of Pittsburgh","2015-03-17 16:00"
"November 2014 Update","40.3297","-79.733032","Jacktown Ride and Hunt Club","11369 Center Hwy","2015-03-17 17:00"
"Hope you are able to attend our March 17th 2015 meeting","40.3297","-79.733032","Jacktown Ride and Hunt Club","11369 Center Hwy","2015-03-17 17:00"
"Pattern Practice Carnegie Evenings","40.406994","-80.085823","Andrew Carnegie Free Library and Music Hall","300 Beechwood Avenue","2015-03-17 17:00"
"Intro Beginner Class","0","0","En Garde Fencing Club ","352 Butler Street, Pittsburgh, PA 15223","2015-03-17 17:00"
"Mah Jong in Shadyside (Note No beginner class tonight )","40.456543","-79.915108","Panera Bread - Bakery Square","136 Bakery Square Blvd (aka 6425 Penn Ave)","2015-03-17 17:00"
"Weekly Toastmasters Meeting","","","","","2015-03-17 17:15"
"Professional Development Salary Negotiation","40.437489","-79.9814","StartUpTown","544 Miltenberger St.","2015-03-17 17:30"
"Broken Plow intermediate weekly practice","0","0","En Garde Fencing Club ","352 Butler Street, Pittsburgh, PA 15223","2015-03-17 18:00"
"Morel mushrooms - Monthly meeting - Western Pennsylvania Mushroom Club","40.542927","-79.909225","Beechwood Farms Nature Reserve","614 Dorseyville Road 15238","2015-03-17 18:00"
"Drinking Liberally Pittsburgh Monthly Gathering","40.459939","-79.930554","Sharp Edge Beer Emporium","302 S St Clair St","2015-03-17 18:00"
"Cathedral Climb then Lulu s Noodles ","40.444649","-79.952599","Cathedral of Learning (by the 1st floor Elevators)","4200 Fifth Avenue","2015-03-17 18:00"
"Learn How to make money investing in real estate ","40.528487","-80.143122","Greater Pittsburgh Masonic Center","3579 Masonic Way","2015-03-17 18:00"
"The Pittsburgh Web Design Meetup Group Monthly Meetup","","","","","2015-03-17 18:00"
"Flag Football League (Draft Party)","40.449604","-79.987617","Cruze Bar","1600 Smallman Street","2015-03-17 18:00"
"FREE Yo Mama s Big Fat Booty Band","40.428688","-79.98246","the Rex Theatre","1602 East Carson Street","2015-03-17 20:30"
"Regular meeting","40.335259","-80.073258","Upper St. Clair Library","1820 McLaughlin Run Rd.","2015-03-18 09:00"
"Brown Bag Lunch","40.494747","-79.923813","Volunteers of America","1650 Main St","2015-03-18 11:00"
"NEW CLASSES Advanced Beginners","40.430318","-79.893478","Wilkins School Community Center","7604 Charleston Ave","2015-03-18 11:00"
"WSBA The Network Lunch TM-South Hills","40.384331","-80.015935","Getaway Cafe","3049 Sussex Ave","2015-03-18 12:00"
"Changing New Product Development In Flight","40.673447","-80.088402","Regional Learning Alliance at Cranberry Woods","850 Cranberry Woods Drive","2015-03-18 15:30"
"Ballet Fitness Fusion Class","40.408634","-79.99115","Temple Baptist Church","743 Brownsville Rd","2015-03-18 16:30"
"Talk about Energy","40.404533","-80.033188","Sparkledragon s Magical Emporium","2120 Broadway Ave","2015-03-18 17:00"
"Let s play Scrabble ","40.436432","-79.958084","Panera","3401 Boulevard of the Allies","2015-03-18 17:00"
"March Meeting","40.450432","-80.019455","Tera Switch Networks","1016 N Lincoln Ave","2015-03-18 17:00"
"Play Eurogames ","40.432976","-79.917404","Crazy Mocha - (412) 521-1056","Squirrel Hill (corner of Hobart and Murray)","2015-03-18 17:00"
"Mind Over Body","40.437542","-79.960396","Magee-Womens Hospital of UPMC Suite 5600","300 Halket Street","2015-03-18 17:00"
"Deadlands - The Weird West","40.541824","-80.02695","Game Masters","3439 Babcock Blvd","2015-03-18 17:00"
"Automation The Must-Have Trend of 2015 ","40.454826","-79.913498","Management Science Associates","6565 Penn Avenue","2015-03-18 17:00"
"Pilates Mat Class","40.408634","-79.99115","Temple Baptist Church","743 Brownsville Rd","2015-03-18 17:15"
"Level 26 - Krishna Consciousness Got Gita ","40.692699","-80.105698","Quantum Counseling Services","One Landmark North Suite 205A 20399 Route 19 Brandt Drive","2015-03-18 17:30"
"Every Drop Counts ","40.448215","-79.895462","East End Food Co-Op","7516 Meade Street","2015-03-18 17:30"
"Ansible Pittsburgh kickoff meeting","40.441303","-79.95776","NoWait","115 Atwood Street","2015-03-18 17:30"
"3rd Wednesday of Month - Regent Square Area","40.430318","-79.893478","Wilkins School Community Center","7604 Charleston Ave","2015-03-18 17:45"
"North Hills meeting - The Brightest Star in the Sky by Marian Keyes","40.61713","-80.093559","Kings Family Restaurant","105 Vip Dr","2015-03-18 18:00"
"The Libertarian Party of Pittsburgh Meetup Group Monthly Meetup","","","","","2015-03-18 18:00"
"Pittsburgh useR Spring Meeting","40.441185","-79.957092","Revv Oakland","3710 Forbes Ave","2015-03-18 18:00"
"Epicast TV presents Drinking Partners Podcast LIVE","40.443378","-79.996666","Pittsburgh Playwrights Theatre Company","937 Liberty Avenue","2015-03-18 18:30"
"Epicast TV presents Drinking Partners Podcast LIVE","40.443378","-79.996666","Pittsburgh Playwrights Theatre Company","937 Liberty Avenue","2015-03-18 19:00"
"CMU School of Drama Director Series Steubenville (3 18-20)","40.44112","-79.941872","Helen Wayne Raub Studio Theater Purnell Ctr.","Carnegie Mellon University","2015-03-18 19:00"
"Steel City Karaoke at The Smiling Moose","40.428715","-79.984962","Smiling Moose","1306 E Carson St","2015-03-18 20:30"
"Steel City Karaoke at The Smiling Moose","40.428715","-79.984962","Smiling Moose","1306 E Carson St","2015-03-18 20:30"
"Q1 2015 OWASP Pittsburgh Chapter Meeting","","","","","2015-03-19 10:30"
"Women s History Month Small Business Counseling for Women ","40.44175","-79.99752","Carnegie Library of Pittsburgh - Downtown and Business Branch","612 Smithfield Street","2015-03-19 11:15"
"WSBA The Network Lunch (TM) - Beaver","40.696453","-80.301849","Cafe Kolache","402 Third St","2015-03-19 12:00"
"Carnegie Museum s are FREE on thursdays from 4-8pm in March Non-Hosted event ","40.444138","-79.949265","Carnegie Museum of Art and Natural History","4400 Forbes Ave","2015-03-19 16:00"
"Carnegie Museum s are FREE on thursdays from 4-8pm in March ","40.444138","-79.949265","Carnegie Museum of Art and Natural History","4400 Forbes Ave","2015-03-19 16:00"
"Veterans Active Military and Family Free Food Drinks for a good cause","40.654709","-80.08242","Jergel s","103 Slade Lane","2015-03-19 16:30"
"Veterans Active Military and Family Free Food Drinks for a good cause","40.654755","-80.081772","jergels ","103 Slade Lane","2015-03-19 16:30"
"A free evening of sketching The Carnegie Museum Oakland","40.443626","-79.950623","Carnegie Museum of Art","4400 Forbes Ave.","2015-03-19 16:30"
"What is on CMU Digital and Multimedia Arts Festival (3 19-21)","40.442493","-79.942551","Great Hall College of Fine Arts Building ","Carnegie Mellon University","2015-03-19 16:30"
"Thurs night gaming","40.256481","-80.150963","Kings Family Restaurant","580 McClelland Rd","2015-03-19 16:45"
"North Hills French Conversation Intermediate - Advanced","40.633533","-80.059784","Panera Bread","12071 Perry Hwy","2015-03-19 17:00"
"Extending Your Paddling Season and cold water safety","40.633533","-80.059784","Panera Bread","12071 Perry Hwy","2015-03-19 17:00"
"Happy Hour at Sharp Edge Downtown ","40.444038","-79.997261","Sharp Edge Bistro","922 Penn Avenue","2015-03-19 17:00"
"Happy Hour at Sharp Edge Downtown ","40.444","-79.997223","Sharp Edge Bistro","922 Penn Ave","2015-03-19 17:00"
"Microcontroller Meet-Up","40.456928","-79.915764","TechShop Pittsburgh","192 Bakery Square Blvd","2015-03-19 17:00"
"Open sparring and practice","0","0","En Garde Fencing Club ","352 Butler Street, Pittsburgh, PA 15223","2015-03-19 17:00"
"Happy hour at Sharp Edge Downtown with your host Rashan","40.443962","-79.997208","Sharp Edge Bistro","922 Penn Avenue","2015-03-19 17:00"
"Materials Creation with Michael Warren","","","","","2015-03-19 17:00"
"Play ultimate on Thursday (at Cost Center IM Fields)","40.438339","-79.997467","Cost Center Outdoor IM Fields","Robinson Street Extension","2015-03-19 17:00"
"Attend our Free real estate investor Meetup Please RSVP","40.347141","-79.792244","Christina s Restaurant","3017 Jacks Run Road","2015-03-19 17:30"
"Make Your Own Spa Products using Young Living oils","40.328297","-80.12561","Holistic Approach 4 Life","850 Boyce Road Suite 10","2015-03-19 17:30"
"Toxic Mold Removal Naturally","40.441742","-80.151283","Market District Supermarket","100 Settlers Ridge Center Dr","2015-03-19 17:30"
"MEET THE CANDIDATES","40.422981","-79.663353","Hoss s Steak and Sea House","4813 William Penn Highway","2015-03-19 18:00"
"March Mentoring","40.365257","-79.982224","Bridge Coworking","4141 Brownsville Road Suite 5","2015-03-19 18:00"
"Meet at Panera Bread at the Galleria","40.358051","-80.052071","Panera Bread","1500 Washington Rd","2015-03-19 18:00"
"EmberConf 2015 Recap - Glimmer Engine 1.0 releases ","40.441185","-79.957092","Revv Oakland","3710 Forbes Ave","2015-03-19 18:00"
"Jonathan Demme opens the 2015 CMU IFF Opening Night Reception ","40.433416","-79.894225","Regent Square Theater","1035 S Braddock Ave","2015-03-19 18:15"
"CMU International Film Festival 3 19-4 11","40.433416","-79.894225","Regent Square Theater","1035 S Braddock Ave","2015-03-19 18:15"
"Jonathan Demme opens the 2015 CMU IFF Opening Night Reception ","40.433416","-79.894225","Regent Square Theater","1035 S Braddock Ave","2015-03-19 18:15"
"Dobra Tea on a Thursday ","40.434963","-79.922806","Dobra Tea","1937 Murray Ave Pittsburgh Pennsylvania","2015-03-19 18:30"
"Free In-Store Clinic - Emergency Preparedness","40.543087","-80.009415","L.L.Bean Store at Ross Park Mall","1000 Ross Park Mall Drive","2015-03-19 18:30"
"Planning and Organizing Meeting","40.451412","-79.933632","Steel Cactus","5505 Walnut Street","2015-03-19 19:00"
"Children s Museum Free Admission","40.452587","-80.007088","Children s Museum","10 Children s Way","2015-03-20 09:00"
"Quantum Miracles Charting Your Course","40.692699","-80.105698","Quantum Counseling Services","One Landmark North Suite 205A 20399 Route 19 Brandt Drive","2015-03-20 10:00"
"Mah Jongg at Moon Library every Friday 12-4","40.475914","-80.174187","Moon Township Public Library","1700 Beaver Grade Rd Ste 100","2015-03-20 11:00"
"WSBA The Network Lunch TM-Monroeville","40.437237","-79.772346","Wooden Nickel","4006 Berger Ln","2015-03-20 12:00"
"Level 8 - Superposition Infinite Possibilities","40.692699","-80.105698","Quantum Counseling Services","One Landmark North Suite 205A 20399 Route 19 Brandt Drive","2015-03-20 12:00"
"Coffee for Prospective Members","40.632431","-80.05883","Panera Bread","12071 Perry Highway","2015-03-20 13:00"
"South Hills Village Mall Play Area","40.343731","-80.056847","South Hills Village Mall ","301 South Hills Village","2015-03-20 14:00"
"Happy Hour","","","","","2015-03-20 16:00"
"Happy Birthday Code and Supply Happy Hour","","","","","2015-03-20 16:00"
"Welcome SPRING Bike Outing Rita s Italian Ice ","40.45633","-80.03202","Bicycle Heaven Museum","1800 Preble and Columbus Ave in the RJ Casey Industrial Park","2015-03-20 16:30"
"Grand Opening Event","40.372467","-80.033928","Enlightened Healing Energy","466 Castle Shannon Boulevard","2015-03-20 17:00"
"FISH FRY MEET UP No. 4","40.456097","-79.923271","Sacred Heart Parish","310 Shady Avenue Shadyside","2015-03-20 17:00"
"Julie Dash s Illusions Screens In Honor of Women s History Month","40.455284","-79.899214","Carnegie Library of Pittsburgh - Homewood Branch","7101 Hamilton Ave","2015-03-20 17:00"
"Finding Your Fit","40.437542","-79.960396","Magee-Womens Hospital of UPMC Suite 2131","300 Halket Street","2015-03-20 17:00"
"Swing into Spring Dance Lesson Wine Session with Appetizer Tasting","40.461189","-79.947533","Pittsburgh Dance Center","4765 Liberty Avenue","2015-03-20 17:30"
"Dance Lesson Wine Session ... Swing into Spring ","40.461079","-79.947922","Pittsburgh Dance Center","4765 Liberty Ave.","2015-03-20 17:30"
"Drumming in the Equinox","40.250741","-80.208757","Sri Yantra Yoga LLC","10 Cherry Ave","2015-03-20 18:00"
"Yellow Book Road After Hours the Library (SOLD OUT)","40.443508","-79.949593","Carnegie Library of Pittsburgh","4400 Forbes Avenue","2015-03-20 18:00"
"Single Out for LGBTQ singles March 2015 Dinner","40.432457","-80.01503","Bigham Tavern","321 Bigham Street","2015-03-20 18:00"
"Coffeehouse of the Month","40.456524","-79.93026","Crazy Mocha Coffee Company","5830 Ellsworth Ave","2015-03-20 18:00"
" Bride and Prejudice movie screening and discussion-2015 Jane Austen Festival","40.396042","-80.035027","The Hollywood Theater in Dormont","1449 Potomac Ave","2015-03-20 18:15"
"The Orgasm Symposium","40.45903","-79.923882","TurnOn Pittsburgh","6110 Ellsworth Ave","2015-03-20 18:30"
"Sports and Games Night","40.453106","-80.003494","Allegheny Center Alliance Church","250 East Ohio Street","2015-03-20 18:30"
"Indoor Tennis - Friday night","40.374264","-80.057274","Mt Lebanon Tennis Center","900 Cedar Blvd","2015-03-20 19:00"
"2015 Trespass Artist Residency Series -- Cupid s Brand (March 20 and 21)","40.443642","-79.998665","Future Tenant","819 Penn Ave","2015-03-20 19:00"
"CAVO LATINO ","40.451527","-79.98497","CAVO Pittsburgh ","1916 Smallman St. (The Strip District)","2015-03-20 21:00"
"2015 Jane Austen Festival - Pittsburgh","40.444721","-79.954376","Pittsburgh Athletic Association","4215 5th Ave","2015-03-21 08:00"
"Saturday March 21 2015 - ADMISSION IS FULL - Fly Fishing 101 Seminar","40.430318","-79.893478","Wilkins School Community Center","7604 Charleston Ave","2015-03-21 08:00"
"Urban Garden and Farm Open Space","40.409203","-79.895813","The Pump House","880 Waterfront Dr E","2015-03-21 09:00"
"GASP Games Day - Temporary Location","40.541355","-79.778358","Springdale United Presbyterian","859 Pittsburgh St","2015-03-21 09:00"
"estelle_becker yahoo.com","40.357609","-80.050369","Panera Bread","1500 Washington Rd Mt Lebanon PA ","2015-03-21 09:00"
"First Greater Pittsburgh area rail trail bike ride ","40.431889","-79.980301","SouthSide Riverfront Park Entrance","6 S 18th Street","2015-03-21 09:00"
"Spring Play Date","0","0","Footprints Farm","184 McClellan Lane Gibbon Glade PA 15440","2015-03-21 09:00"
"Design and Supply","40.444139","-79.949267","Carnegie Library Main (Oakland)","4400 Forbes Ave","2015-03-21 10:00"
"bavarder en francais ","40.433531","-79.923204","Crazy Mocha","2100 Murray Ave","2015-03-21 10:00"
"Nikon Lighting Meetup","","","","","2015-03-21 10:00"
"Play ultimate on Saturday (at Schenley Oval)","40.431979","-79.94216","Schenley Oval Sportsplex","Overlook Drive 15207","2015-03-21 10:00"
"Overpopulation The Taboo topic everyone should be talking about","40.496571","-80.054886","Andrew Bayne Memorial Library","34 N Balph Ave","2015-03-21 10:30"
"Canonsburg boardgames","40.30378","-80.09745","Market District Express","2840 Washington Rd","2015-03-21 11:00"
"Latin American and Caribbean Festival","40.440609","-79.953972","First Floor Posvar Hall","The University of Pittsburgh","2015-03-21 11:00"
"French Traditional Dance Workshop","40.441753","-79.941574","Skibo Gymnasium","5098 Tech Street","2015-03-21 11:00"
"XOXO Rescheduled Date","40.685226","-80.164513","Lucky Paws","2273 Lovi Rd","2015-03-21 11:30"
"Sacred Sound Meditation and Fire Ceremony","40.154251","-79.794983","Dove of Light Healing Ministry","434 Matty Drive","2015-03-21 12:00"
"Google Analytics Foundations","40.421764","-79.99408","The Hardware Store - Where media professionals startups and nonprofits collaborate","744 E. Warrington Ave.","2015-03-21 12:00"
"Stammtisch","40.395706","-80.066353","Panera Bread","1900 Greentree Road","2015-03-21 12:00"
"Google Analytics Foundations","40.421764","-79.99408","The Hardware Store - Where media professionals startups and nonprofits collaborate","744 E. Warrington Ave.","2015-03-21 12:00"
" 5 Power Flow Yoga","40.428734","-79.986038","Yoga Digs ","1224 E Carson St. 3rd floor (use 13th st entrance)","2015-03-21 12:00"
"Pitt Jazz Ensemble Big Band Festival (March 21 2015)","40.445962","-79.951683","Bellefield Auditorium ","315 S. Bellefield Ave ","2015-03-21 12:00"
"PrepAbility","40.440445","-79.95755","Forbes Tower","3600 Forbes Avenue","2015-03-21 12:00"
"FREE CONCERT Pitt Jazz Emsemble Big Band Festival","40.445962","-79.951683","Bellefield Auditorium ","315 S. Bellefield Ave ","2015-03-21 12:00"
"Welcome Spring with 108 Sun Salutations ","40.446079","-79.763725","kettlebell fusion fitness","4415 Old William Penn Highway","2015-03-21 13:00"
"Stuart Fuchs Right Hand Rhythms Workshop and Mini Concert","40.430318","-79.893478","Wilkins School Community Center","7604 Charleston Ave","2015-03-21 13:00"
"Tertulia and the 35th Annual Latin American and Caribbean Festival","40.436008","-79.958076","Panera Bread","3800 Forbes Ave","2015-03-21 13:00"
"Women s History Month How to Write and Publish a Memoir ","40.44175","-79.99752","Carnegie Library of Pittsburgh - Downtown and Business Branch","612 Smithfield Street","2015-03-21 13:30"
"The Rosa Parks Story Screens in Celebration of Women s History Month","40.455284","-79.899214","Carnegie Library of Pittsburgh - Homewood Branch","7101 Hamilton Ave","2015-03-21 13:30"
"Pittsburgh Apologetics Club meeting 9","40.456142","-79.937492","Panera Bread","5430 Centre Ave","2015-03-21 14:00"
"Meditation for Health and Happiness","","","","","2015-03-21 14:00"
"Weekly Squirrel Hill MeetUp","40.438213","-79.922653","Carnegie Library of Pittsburgh - Squirrel Hill Branch","5801 Forbes Avenue","2015-03-21 14:00"
"Lighting up Gulf Tower with the Instagram API","40.444139","-79.949267","Carnegie Museum of Art","4400 Forbes Ave","2015-03-21 14:00"
"The Monthly meeting of the Three Rivers EVA. Come out and bring a Friend.","40.428642","-79.694237","Laird Hall","3202 North Hills Road","2015-03-21 16:00"
"NIGHT TRAIN","40.442795","-79.998558","Harris Theater","809 Liberty Ave.","2015-03-21 16:15"
"Saturday Night Dinner Ali Baba s","40.445094","-79.948789","Ali Baba","404 S. Craig Street","2015-03-21 16:30"
"March Pittsburgh Mass Mob IX at Saint Anthony s Chapel","40.464668","-79.983673","Saint Anthony s Chapel","1700 Harpster St","2015-03-21 16:45"
"Brene Brown Book Discussion Hosted by Colleen","40.377941","-80.02829","Colleen s House","564 Audubon Ave","2015-03-21 17:00"
"March Pittsburgh Mass Mob at the historic St. Anthony s Chapel","40.464668","-79.983673","Saint Anthony s Chapel","1700 Harpster St","2015-03-21 17:00"
"March Pittsburgh Mass Mob IX at Saint Anthony s Chapel","40.464752","-79.983643","Saint Anthony Chapel","1704 Harpster Street","2015-03-21 17:00"
"March Pittsburgh Mass Mob IX at Saint Anthony s Chapel","40.464668","-79.983673","Saint Anthony s Chapel","1700 Harpster St","2015-03-21 17:00"
"MARCH PITTSBURGH MASS MOB IX at Saint Anthony Chapel","40.464752","-79.983643","Saint Anthony Chapel","1704 Harpster Street","2015-03-21 17:00"
"Outrageous Bingo FIRST Wait List THEN Buy Tickets FINALLY Get RSVP","","","","","2015-03-21 17:15"
"Korean potluck dinner","","","","","2015-03-21 17:30"
"Willow Restaurant- North Hills","40.521193","-80.076578","Willow Restaurant and Lounge","634 Camp Horne Road","2015-03-21 17:30"
"Open Mic ","40.450916","-79.943053","First Unitarian Church of Pittsburgh in Shadyside","Corner of Morewood and Ellsworth","2015-03-21 17:30"
"Open Mic At First Unitarian Church Of Pittsburgh","40.450916","-79.943053","First Unitarian Church of Pittsburgh in Shadyside","Corner of Morewood and Ellsworth","2015-03-21 17:30"
"Latitude 360 Dinner and Glow in the Dark Bowling to Celebrate Erick s B-day","40.446178","-80.177849","latitude 360","200 Quinn Dr Pittsburgh PA 15275","2015-03-21 18:00"
"Play Games drink coffee and have fun ","","","","","2015-03-21 18:00"
"Let s speak Portuguese. Vamos falar portugu s. ","40.455936","-79.937172","Panera Bread ","5430 Centre Avenue Pittsburgh ","2015-03-21 18:00"
" Secret Sharer (UK China Poland 2014) w Peter Fudakowski Reception ","40.443504","-79.941574","Carnegie Mellon University-McConomy Auditorium","5000 Forbes Avenue ","2015-03-21 18:15"
"MOMMY","40.442795","-79.998558","Harris Theater","809 Liberty Ave.","2015-03-21 18:15"
"Conservatory Dance Company at the Byham Theater ... with discount ticket offer ","40.443848","-80.002548","Byham Theater","101 6th St","2015-03-21 18:30"
"Church Brew Works on a Saturday ","40.46244","-79.964394","The Church Brew Works","3525 Liberty Avenue","2015-03-21 19:00"
"Keystone 31 (bar) w Brash Teeth and Maytide","40.366302","-80.106628","31 RPMs Sports Bar - Grille","1020 Washington Pike","2015-03-21 20:30"
"Drinks at Eclipse in Lawerenceville","40.466454","-79.964691","Eclipse Lounge","3705 Butler Street","2015-03-21 20:30"
"90s Night at Cruze Bar ","40.449604","-79.987617","Cruze Bar","1600 Smallman Street","2015-03-21 21:00"
"Off season Sunday morning skate and coffee ","40.4261","-79.953394","Eliza Furnace Trail Parking Lot","Eliza Furnace Trail","2015-03-22 08:00"
"Raccoongaine","40.506271","-80.390106","Raccoon Creek State Park","3000 Pennsylvania 18","2015-03-22 08:00"
"National Geographic Seminar Travel Photography - not a formal meetup","40.452234","-80.00345","Carnegie Science Center","1 Allegheny Square","2015-03-22 08:00"
"OM Basics Pittsburgh","40.45903","-79.923882","TurnOn Pittsburgh","6110 Ellsworth Ave","2015-03-22 09:00"
"FREE - Part 1 - Eliminating The Fear Of Public Speaking.","40.48912","-79.89257","Paneras Bread Waterworks Mall","942 Freeport Rd Fox Chapel 15238 (412) 799-0210","2015-03-22 09:00"
"Donation Yoga Class at Dobra Tea in Squirrel Hill","40.434963","-79.922806","Dobra Tea","1937 Murray Ave Pittsburgh Pennsylvania","2015-03-22 09:00"
"Curious about Quakerism Come to Visitors Day ","40.449139","-79.945808","Pittsburgh Friends Meeting House","4836 Ellsworth Avenue","2015-03-22 09:15"
"Happy Women s Direction Meet","","","","","2015-03-22 09:30"
"PBG IONS SPRING EQUINOX 2015 Labyrinth Walk - NOT A FORMAL MEETUP","","","","","2015-03-22 09:30"
"Pinkerton Tunnel Renovation - Lunch Fundraiser","40.428661","-79.964912","Hofbrauhaus Pittsburgh","2705 S Water St","2015-03-22 10:00"
"Brunch or Cheesecake - you decide ......","40.427914","-79.965233","Cheesecake Factory","Southside Works","2015-03-22 10:00"
"Crazy Mocha MINI Morning - Happy Spring ","40.630177","-80.057175","Crazy Mocha","11915 Perry Highway","2015-03-22 10:00"
"Healing With the Angels","40.372467","-80.033928","Enlightened Healing Energy","466 Castle Shannon Boulevard","2015-03-22 10:00"
"ITALIANO-ESPRESSO ( Italian conversation group)","40.430318","-79.893478","Wilkins School Community Center","7604 Charleston Ave","2015-03-22 10:00"
"Pop-Up Yoga at Perle","40.441086","-80.002876","Perle","25 Market Square","2015-03-22 10:00"
"Meet the Easter Bunny","40.615013","-80.092499","Soergel Orchards","2573 Brandt School Road","2015-03-22 10:30"
"Teacup Hour at Animal Friends","40.522213","-80.077316","Animal Friends","562 Camp Horne Rd","2015-03-22 10:30"
"Spring Gaming","","","","","2015-03-22 11:00"
"Pre-spring Hiking Event [2mile or 4 mile]","","","","","2015-03-22 11:15"
"Shape Training","40.45863","-79.931137","Shape Training","5788 Commerce Street","2015-03-22 11:30"
"Japanese Study Group level 1 Beginner","40.438137","-79.922536","Carnegie Library Squirrel Hill","5801 Forbes Avenue","2015-03-22 12:00"
"Play Eurogames ","40.432976","-79.917404","Crazy Mocha - (412) 521-1056","Squirrel Hill (corner of Hobart and Murray)","2015-03-22 12:30"
"Paint Nite at Level 20 Lounge. get 20 off Paintnite.com use code PITTSBURGH","40.336735","-80.023605","Level 20 Lounge","1033 Paxton Drive","2015-03-22 12:45"
"Spring into Ros Wines","40.461971","-79.965454","Palate Partners School of Wines and Spirits","3401 Liberty Avenue","2015-03-22 13:00"
"World Kaleidoscope presents Timbeleza","40.443424","-79.948845","Carnegie Library of Pittsburgh - Main","4400 Forbes ","2015-03-22 13:00"
"Japanese Study Group level 2 Beginner","40.438137","-79.922536","Carnegie Library Squirrel Hill","5801 Forbes Avenue","2015-03-22 13:00"
"Apis Mead and Winery - Carnegie","","","","","2015-03-22 13:00"
"March Musical Medley with Catherine Florian","40.406368","-79.942749","Saint Stephen Catholic Church","5115 2nd Avenue (in Hazelwood)","2015-03-22 14:00"
"Flying and Discuss the new FAA Proposed Rules","40.439304","-79.946434","Schenley Park","Schenley Park across from Phipps Conservatory","2015-03-22 14:00"
"Japanese study group for intermediate 1","40.438137","-79.922536","Carnegie Library Squirrel Hill","5801 Forbes Avenue","2015-03-22 14:00"
"Bible Study","40.377327","-79.967606","Josh and Becky s House","3266 Beechdale St","2015-03-22 16:00"
" Bad Hair (Venezuela 2014) QandA w Director Mariana Rond n ","40.443504","-79.941574","Carnegie Mellon University-McConomy Auditorium","5000 Forbes Avenue ","2015-03-22 16:00"
"Let s Practice Arabic ","40.445651","-79.949497","Razzy Fresh","300 S. Craig St.","2015-03-22 17:00"
"BizzBuzzBang Conference Call","0","0","Your house car or anywhere there is a phone","","2015-03-22 18:00"
"ABSOLUTE SALSA on SUNDAYS ","40.457782","-79.909891","Absolute Ballroom Dancing","6617 Hamilton Ave","2015-03-22 18:00"
"March Book Smoup","40.456512","-79.915154","Panera Bread","136 Bakery Square Blvd","2015-03-22 18:00"
"Sunday Night Series at Regent Square Theater","40.433416","-79.894225","Regent Square Theater","1035 S Braddock Ave","2015-03-22 19:00"
"Get your ideas or business UNSTUCK ","40.461357","-79.924568","Zeke s Coffee","6012 Penn Ave","2015-03-23 07:00"
"Moon rocks coming to CCAC ","40.452187","-79.75291"," CCAC Boyce Campus","595 Beatty Road","2015-03-23 11:30"
"Association of Information Technology Professionals MeetUp - March","40.424572","-79.964493","Birmingham Bridge Tavern","2901 Sarah Street","2015-03-23 16:30"
"Let s Meet for Dinner and a Movie...","40.427914","-79.965233","Cheesecake Factory","Southside Works","2015-03-23 16:30"
"Zumba Class ","40.408634","-79.99115","Temple Baptist Church","743 Brownsville Rd","2015-03-23 16:30"
"Squirrel Hill Writers Group","","","","","2015-03-23 17:00"
"TELL A STORY AT CANNON COFFEE ","40.393463","-80.020142","Cannon Coffee","802 Brookline Blvd","2015-03-23 17:30"
"CMU School of Architecture Lecture Series Wiel Arets Architects","40.443504","-79.941574","Kresge Theater","Carnegie Mellon University","2015-03-23 17:30"
"Trivia in Monroeville Plum- Monday Night ","","","","","2015-03-23 18:00"
"Speed Dating Event For All Single Professionals Ages 35-45","40.4432","-80.00244","Olive or Twist","140 6th St","2015-03-23 18:00"
"Speed Dating Event For All Single Professionals Ages 35-45","40.4432","-80.00244","Olive or Twist","140 6th St","2015-03-23 18:00"
"Speed Dating for All Single Professionals Ages 35-45","40.4432","-80.00244","Olive or Twist","140 6th St","2015-03-23 18:00"
" Dinah -- World Premiere (during March 14 April 5 2015)","40.443378","-79.996666","Pittsburgh Playwrights Theatre Company","937 Liberty Avenue","2015-03-23 18:30"
"Monday Bowling ","40.435069","-80.066166","CRAFTON - INGRAM LANES","252 CRAFTON INGRAM SHOPPING CENTER","2015-03-23 18:30"
"Monday 30 Minute Dash [UnScene Team Conference Call] New Volunteers Welcomed ","","","","","2015-03-23 18:30"
"Snapology","40.349045","-80.05175","Snapology","1699 Washington Rd","2015-03-24 09:00"
"WSBA The Network Lunch TM-North Hills","40.632542","-80.058952","Bonnie and Clyde s","12087 Perry Highway ","2015-03-24 12:00"
"Squirrel Hill Zentangle 101 Afternoon Series 2","40.438122","-79.922546","Squirrel Hill Library","5801 Forbes Avenue Pittsburgh PA","2015-03-24 12:00"
"Partner Program","","","","","2015-03-24 13:00"
"Inaugural Analytics Networking Event and GA Presentation","","","","","2015-03-24 16:30"
"Book Club","40.303905","-79.544739","The White Rabbit Cafe and Patisserie","113 N. Main St.","2015-03-24 16:30"
"A Double Date with Analytics","40.431194","-79.980644","LunaMetrics","24 S. 18th Street","2015-03-24 16:30"
"UpPrize BNY Mellon Social Innovation Challenge","40.46228","-79.923996","AlphaLab Gear","6024 Broad Street","2015-03-24 16:30"
"Pattern Practice Carnegie Evenings","40.406994","-80.085823","Andrew Carnegie Free Library and Music Hall","300 Beechwood Avenue","2015-03-24 17:00"
"Mah Jong in Shadyside (Note No beginner class tonight )","40.456543","-79.915108","Panera Bread - Bakery Square","136 Bakery Square Blvd (aka 6425 Penn Ave)","2015-03-24 17:00"
" Carmen .. with 65% discount tickets plus Cast QandA Reception","40.44261","-79.99923","Benedum Center For the Performing Arts","719 Liberty Ave","2015-03-24 17:00"
"Intro Beginner Class","0","0","En Garde Fencing Club ","352 Butler Street, Pittsburgh, PA 15223","2015-03-24 17:00"
"Boomers Book Club","40.542133","-80.206337","The old Newtown Grill now Teca","252","2015-03-24 17:30"
"Shadyside Meeting - This is Where I Leave You by Jonathan Tropper","40.470001","-79.949997","Social","Bakery Square","2015-03-24 17:30"
" A Dangerous Game (UK Croatia 2014) w Director Anthony Baxter and reception ","40.443504","-79.941574","Carnegie Mellon University-McConomy Auditorium","5000 Forbes Avenue ","2015-03-24 17:30"
"ROBINSON BOOK CLUB- SOMEONE ELSE S LOVE STORY - JOSHILYN JACKSON","40.448605","-80.16214","Eat-N-Park","100 Park Manor Drive","2015-03-24 18:00"
" The Future of Big Data with M.C. Srivas CTO and Co-founder of MapR","40.447242","-79.923445","Chatham University Eddy Theater","102-104 Woodland Rd.","2015-03-24 18:00"
"Broken Plow intermediate weekly practice","0","0","En Garde Fencing Club ","352 Butler Street, Pittsburgh, PA 15223","2015-03-24 18:00"
"Allegheny County Common Law Grand Jury Reinstatement Committee Meeting ","40.539986","-79.830399","King s Family Restaurant","5 Alpha Drive","2015-03-24 18:00"
"Pittsburgh Entrepreneur Meetup Happy Hour","40.460354","-79.925323","The Livermore","124 South Highland Avenue Shadyside","2015-03-24 18:00"
"Folk Music at First Unitarian Pittsburgh","40.450916","-79.943053","First Unitarian Church of Pittsburgh in Shadyside","Corner of Morewood and Ellsworth","2015-03-24 18:30"
"TurnOn Pittsburgh ","40.45903","-79.923882","TurnOn Pittsburgh","6110 Ellsworth Ave","2015-03-24 18:30"
"Noche Latina at The Steel Cactus-South Side ","40.428696","-79.979332","Steel Cactus","1831 E Carson St","2015-03-24 20:00"
"Mother Goose On the Loose","40.332137","-80.031073","Bethel Park Library","5100 W Library Ave","2015-03-25 09:00"
"Lecture From Fairytale Hip-Hop to Ferguson","40.444271","-79.953293","William Pitt Union Dining Room A","4200 Fifth Avenue Oakland PA","2015-03-25 14:00"
"Empty Bowls Bowl counting packing and labeling extravaganza ","40.430126","-79.99675","Just Harvest A Center For Action Against Hunger","16 Terminal Way","2015-03-25 15:00"
"Grab Coffee and Mingle with the Matchmaker","","","","","2015-03-25 16:00"
"Ballet Fitness Fusion Class","40.408634","-79.99115","Temple Baptist Church","743 Brownsville Rd","2015-03-25 16:30"
"WSBA After Work Network","40.482544","-79.951599","Allegheny Wine Mixer Inc","5326 Butler Street","2015-03-25 16:30"
"March Happy Hour","40.45705","-79.915756","social","6425 penn ave","2015-03-25 16:30"
"BCE monthly meeting","40.701012","-80.282425","Hollywood Gardens","169 Pinney Street","2015-03-25 17:00"
"Play Eurogames ","40.432976","-79.917404","Crazy Mocha - (412) 521-1056","Squirrel Hill (corner of Hobart and Murray)","2015-03-25 17:00"
"Let s play Scrabble ","40.436432","-79.958084","Panera","3401 Boulevard of the Allies","2015-03-25 17:00"
"Pennsylvania Interest Group","40.52829","-79.964287","shaler public library","1822 Mount Royal Boulevard","2015-03-25 17:00"
"Life After Weight Loss (LAWL) support group","40.437542","-79.960396","Magee-Womens Hospital Conference Rooms A and B Level Zero","300 Halket Street","2015-03-25 17:00"
"Drinks then Dinner at Hofbrauhaus South Side","40.423227","-79.957462","Hofbrauhaus Pittsburgh","2705 S. Water Street","2015-03-25 17:30"
"Level 26 - Krishna Consciousness Got Gita ","40.692699","-80.105698","Quantum Counseling Services","One Landmark North Suite 205A 20399 Route 19 Brandt Drive","2015-03-25 17:30"
"Knit Night at Getaway Cafe ","40.384632","-80.015648","The Getaway Cafe","3049 Sussex Avenue at McNeilly Road 15226","2015-03-25 17:30"
"Shadyside Stammtisch","40.45672","-79.929955","Crazy Mocha","5830 Ellsworth Ave","2015-03-25 17:30"
"Cold Weather Vegetables and Herbs","40.455009","-79.899277","Carnegie Lbry-Pittsburgh-Homewood","7101 Hamilton Ave","2015-03-25 17:30"
"Cold Weather Vegetables and Herbs","40.455009","-79.899277","Carnegie Lbry-Pittsburgh-Homewood","7101 Hamilton Ave","2015-03-25 17:30"
"Cold Weather Vegetables and Herbs","40.455284","-79.899214","Carnegie Library of Pittsburgh - Homewood Branch","7101 Hamilton Ave","2015-03-25 17:30"
"VPU s Monthly Meeting for March 2015","40.509119","-80.224573","Doubletree Hotel","8402 University Blvd.","2015-03-25 18:00"
"Pints and Prints","40.421661","-80.049942","Vincent s of Greentree","333 Mansfield Avenue","2015-03-25 18:00"
"Greater Pittsburgh Science Fiction Book Discussion Group Meetup","40.377195","-80.045384","Mount Lebanon Public Library","16 Castle Shannon Blvd ","2015-03-25 18:00"
"March Meetup Madness ","40.384331","-80.015935","Getaway Cafe","3049 Sussex Ave","2015-03-25 18:00"
"Lot 17 - Bloomfield","40.46257","-79.950127","Lot 17","4617 Liberty Avenue","2015-03-25 18:00"
"Ensemble - 4th Wednesday","40.430318","-79.893478","Wilkins School Community Center","7604 Charleston Ave","2015-03-25 18:00"
"Real estate Investment Workshop","0","0","Pleasant Hills Public Library","302 Old Clairton Rd. pgh. PA 15236","2015-03-25 18:00"
"African Safari 4","40.407738","-79.918668","Rock Bottom Brewery and Restaurant","171 E. Bridge St.","2015-03-25 18:30"
"Pub-of-the-Month MeetUp","40.407738","-79.918668","Rock Bottom Brewery and Restaurant","171 E. Bridge St.","2015-03-25 18:30"
"Pub-of-the-Month MeetUp","40.407738","-79.918668","Rock Bottom Brewery and Restaurant","171 E. Bridge St.","2015-03-25 18:30"
"Pittsburgh Tesla High Voltage Club","40.438244","-79.978737","Hack Pittsburgh","1936 Fifth Ave","2015-03-25 18:30"
"MOM s Networking Event","40.40349","-80.04072","Playdate 4 kids","2898 Banksville Road","2015-03-26 09:00"
"Start of Spring Luncheon","40.394016","-80.062973","Max and Erma s ","1910 Cochran Rd.","2015-03-26 11:00"
"Mt. Lebanon Zentanglers","40.37701","-80.045265","Mt. Lebanon Public Library","16 Castle Shannon Boulevard Mount Lebanon Pennsylvania 15228-2252 ","2015-03-26 11:00"
"Women s History Month The Homewood Cemetery and Pittsburgh s Famous Women","40.44175","-79.99752","Carnegie Library of Pittsburgh - Downtown and Business Branch","612 Smithfield Street","2015-03-26 11:15"
"Carnegie Museum s are FREE on thursdays from 4-8pm in March Non-Hosted event ","40.444138","-79.949265","Carnegie Museum of Art and Natural History","4400 Forbes Ave","2015-03-26 16:00"
"LAST CHANCE Carnegie Museum s are FREE on thursdays from 4-8pm in March ","40.444138","-79.949265","Carnegie Museum of Art and Natural History","4400 Forbes Ave","2015-03-26 16:00"
"Three Rivers String Quartet performing at Olive or Twist","40.4432","-80.00244","Olive or Twist","140 6th St","2015-03-26 16:30"
"Three Rivers String Quartet performing at Olive or Twist FREE ","40.4432","-80.00244","Olive or Twist","140 6th St","2015-03-26 16:30"
"Three Rivers String Quartet performing at Olive or Twist","40.443005","-80.002403","Olive Or Twist","140 6th St","2015-03-26 16:30"
"North Hills French Conversation","40.633533","-80.059784","Panera Bread","12071 Perry Hwy","2015-03-26 17:00"
"Happy hour at the William Penn Tavern with your host Rashan","40.451477","-79.934036","William Penn Tavern","739 Bellefonte St","2015-03-26 17:00"
"Podcasting Essentials for Practitioners and Small Businesses","40.450714","-79.984444","Roland s Seafood Grill","1904 Penn Avenue","2015-03-26 17:00"
"Open sparring and practice","0","0","En Garde Fencing Club ","352 Butler Street, Pittsburgh, PA 15223","2015-03-26 17:00"
" LiveEasely","40.442715","-79.99868","SPACE","812 Liberty Avenue","2015-03-26 17:00"
"Hands On Lab and Round Table Discussion","40.447727","-79.992393","Omnyx Office","1251 Waterfront Place Pittsburgh (Seagate Building) 2nd Floor","2015-03-26 17:00"
"Backing up Openstack","40.445522","-79.94915","Pittsburgh Supercomputing Center","300 South Craig St","2015-03-26 17:00"
"Play ultimate on Thursday (now at Schenley Oval)","40.431979","-79.94216","Schenley Oval Sportsplex","Overlook Drive 15207","2015-03-26 17:00"
"Eat Drink Meet and Hear from Uber ","","","","","2015-03-26 17:00"
"Italian Film Festival The Mafia Kills ","40.407709","-80.085392","Andrew Carnegie Free Library and Music Hall","300 Beechwood Avenue","2015-03-26 17:30"
"Natural Pet Care","40.441742","-80.151283","Market District Supermarket","100 Settlers Ridge Center Dr","2015-03-26 17:30"
"Oakmont Toastmasters Club","40.51794","-79.84634","Riverview Community Action Corporation","501 Second Street","2015-03-26 17:30"
"StartUptown Lecture Series Financial Basics for the Non-Financial Entrepreneur","40.437489","-79.9814","StartUptown Paramount Film Exchange","544 Miltenberger St 15219","2015-03-26 17:30"
"ITALIAN FILM FESTIVAL USA - The Mafia only Kills in the Summer (Opening night)","40.406994","-80.085823","Andrew Carnegie Free Library and Music Hall","300 Beechwood Avenue","2015-03-26 18:00"
"Embody Your Power Book Signing and Discussion Night","40.404533","-80.033188","Sparkledragon s Magical Emporium","2120 Broadway Ave","2015-03-26 18:00"
" Bronx Obama (USA 2013) w Director Ryan Murdock and Louis Bronx Obama Ortiz ","40.443504","-79.941574","Carnegie Mellon University-McConomy Auditorium","5000 Forbes Avenue ","2015-03-26 18:00"
"Salsa Dance classes Youtopia Studio Beginner and Mixed level Cuban style salsa ","40.435703","-79.922905","Youtopia dance studio","1918 Murray Avenue","2015-03-26 18:00"
"Managing Amazon EC2 with Go","40.437515","-79.92305","IBM Squirrel Hill","1710 Murray Avenue","2015-03-26 18:00"
"Free Screening of LAST DAYS IN VIM followed by QandA ","40.444065","-79.95536","Soldiers And Sailors Memorial Hall","4141 Fifth Avenue","2015-03-26 18:00"
"Daoism and Non-Duality","40.449139","-79.945808","Friends House","4836 Ellsworth Avenue","2015-03-26 18:00"
"Italian Film Festival 3 26-4 18","40.444595","-79.959839","Frick Fine Arts Auditorium","University of Pittsburgh","2015-03-26 18:00"
"Over 21 Night at TechShop Pittsburgh","40.456963","-79.915718","TechShop Pittsburgh","192 Bakery Sqaure Blvd","2015-03-26 18:00"
"Destroying Lyme Disease with Natural Cures NOT A FORMAL MEETUP","40.515968","-79.848396","Riverside Landings","10 Washington Avenue ","2015-03-26 18:00"
"TwentyOnePlus Night","40.456928","-79.915764","TechShop Pittsburgh","192 Bakery Square Blvd","2015-03-26 18:00"
"Scorsese curated list of Polish films screening at Filmmakers (PT.2)","40.442879","-79.998611","Harris Theater","809 Liberty Ave","2015-03-26 18:30"
"Coffee on a Thursday ","40.451375","-79.932852","Coffee Tree Roasters","5524 Walnut St","2015-03-26 18:30"
"CMU Del Sol String Quartet","40.443504","-79.941574","Kresge Theater","Carnegie Mellon University","2015-03-26 19:00"
"Farm to Table Conference","40.444309","-80.00206","David L. Lawrence Convention Center","1000 Ft. Duquesne Blvd.","2015-03-27 09:00"
"Le Leche League North Hills Meeting","40.571003","-80.034645","Northland Library ","300 Cumberland Road","2015-03-27 09:00"
"Quantum Miracles Charting Your Course","40.692699","-80.105698","Quantum Counseling Services","One Landmark North Suite 205A 20399 Route 19 Brandt Drive","2015-03-27 10:00"
"Mah Jongg at Moon Library every Friday 12-4","40.475914","-80.174187","Moon Township Public Library","1700 Beaver Grade Rd Ste 100","2015-03-27 11:00"
"Load Unload and Set Up Handmade Soup Bowls","40.430126","-79.99675","Just Harvest A Center For Action Against Hunger","16 Terminal Way","2015-03-27 11:00"
"Level 9 - The Observer Phenomenon Believing Is Seeing","40.692699","-80.105698","Quantum Counseling Services","One Landmark North Suite 205A 20399 Route 19 Brandt Drive","2015-03-27 12:00"
"Community Resource Networking Group Monthly Meeting","40.494747","-79.923813","Volunteers of America","1650 Main St","2015-03-27 12:00"
"Stretch and Renew Friday at the Pittsburgh Knit and Crochet Fest","40.444115","-79.995132","The Westin Convention Center Pittsburgh Hotel","1000 Penn Avenue Pittsburgh PA 15222","2015-03-27 14:00"
"Happy Hour","","","","","2015-03-27 16:00"
"Fish fry and Drinks","40.453789","-79.761253","Church of the Resurrection","455 Center Road","2015-03-27 16:30"
"Friday night gaming","40.30378","-80.09745","Market District Express","2840 Washington Rd","2015-03-27 16:45"
"The Red Tent Moonlodge A Sacred Gathering of Women","40.466358","-79.96476","Shining Light Prenatal Education","3701 Butler Street","2015-03-27 17:00"
"The Red Tent Moonlodge A Sacred Gathering of Women","40.466358","-79.96476","Shining Light Prenatal Education","3701 Butler Street","2015-03-27 17:00"
"Calypso Rose - The Lioness of the Jungle","40.455284","-79.899214","Carnegie Library of Pittsburgh - Homewood Branch","7101 Hamilton Ave","2015-03-27 17:00"
" Carmen .. with 65% discount tickets","40.44261","-79.99923","Benedum Center For the Performing Arts","719 Liberty Ave","2015-03-27 17:30"
"Moon Sewickley Meetup Sharp Objects by Gillian Flynn","40.517914","-80.219757","Eat N Park ","9515 University Blvd","2015-03-27 18:00"
"MUFON Meet and Greet","40.429352","-79.813049","Panera Bread","400 Penn Center Blvd","2015-03-27 18:00"
"Analytic Flicks Argo ","40.455322","-79.921288","PPC Library","401 Shady Ave Suite B101","2015-03-27 18:00"
"ITALIAN FILM FESTIVAL USA - Ti ricordi di me (Do you remember me )","40.444595","-79.959839","Frick Fine Arts Auditorium","University of Pittsburgh","2015-03-27 18:00"
"Groundswell Rising screening at First Unitarian Church of Pittsburgh","40.450757","-79.943","First Unitarian Church","605 Morewood Avenue","2015-03-27 18:00"
"Dinner and drinks at Rumfish Grill","40.369473","-80.10508","Rumfish Grille ","1155 Washington Pike Bridgeville PA 15017","2015-03-27 18:30"
"Bible Discussion","40.453106","-80.003494","Allegheny Center Alliance Church","250 East Ohio Street","2015-03-27 18:30"
"It Follows and pizza","40.39618","-80.035239","Hollywood Theater","1449 Potomac Avenue","2015-03-27 19:30"
"Women s Open Mic Night- Friday March 27 9pm-1am","40.472509","-79.961687","Cattivo","146 44th. St.","2015-03-27 20:00"
"Karaoke at Stinky s Bar and Grill","40.477592","-79.957649","Stinky s Bar and Grill","4901 Hatfield St","2015-03-27 20:00"
"Karaoke at Stinky s Bar and Grill","40.477592","-79.957649","Stinky s Bar and Grill","4901 Hatfield St","2015-03-27 20:00"
"Fight for Air Charity Stair Climb Climbing 45 Stories of ONE OXFORD CENTER ","40.438076","-79.9978","One Oxford Centre","Grant Street and 4th Avenue","2015-03-28 08:00"
"Join us for a Free Indoor Cycling Class","40.458889","-79.917595","Performance Bicycle","6401 Penn Ave","2015-03-28 08:00"
"Model Investment Club (East) - Pittsburgh Chapter of BetterInvesting","40.430062","-79.752569","Monroeville Public Library","4000 Gateway Campus Boulevard","2015-03-28 08:15"
"Pittsburgh Knit and Crochet Festival ","40.444168","-79.99485","The Westin Convention Center Pittsburgh","1000 Penn Avenue","2015-03-28 09:00"
"Caf conversation at Coffee Tree (beginning and intermediate levels)","40.451405","-79.932838","Coffee Tree Roaster Meeting Room Shadyside","5524 Walnut St","2015-03-28 09:00"
"Let s Meet for an F.I.B. (Full Irish Breakfast)","40.429303","-79.972425","Claddagh Pub","Southside Works","2015-03-28 10:00"
"Dog Photos with the Easter Bunny Fundraiser","40.564289","-79.958214","Dog Central","4750 Route 8","2015-03-28 10:00"
"MEEPLE (MEEt Play Learn)","40.443424","-79.948845","Carnegie Library of Pittsburgh - Main","4400 Forbes ","2015-03-28 10:00"
"bavarder en francais ","40.433531","-79.923204","Crazy Mocha","2100 Murray Ave","2015-03-28 10:00"
"Play ultimate on Saturday at Schenley Oval","40.431979","-79.94216","Schenley Oval Sportsplex","Overlook Drive 15207","2015-03-28 10:00"
"Let s meet at Cannon Coffee","40.393463","-80.020142","Cannon Coffee","802 Brookline Boulevard","2015-03-28 10:45"
"Dystopia Rising LARP build day","","","","","2015-03-28 11:00"
"Ride the Three Rivers Heritage Trail","40.456245","-80.03205","Bicycle Heaven Museum","1800 Preble and Columbus Ave in the RJ Casey Industrial Park","2015-03-28 12:00"
"Spanish Conversation Practice at Squirrel Hill Library","","","","","2015-03-28 12:00"
" StarterSeries Software Design Patterns MVC and Object Oriented Programming","40.460598","-79.92588","The Cloakroom","5972 Baum Blvd","2015-03-28 12:00"
"Photo 101 Course - Phipps Conservatory","","","","","2015-03-28 12:00"
"your rights at work","40.441959","-79.997261","Smithfield United Church","620 Smithfield St. I","2015-03-28 12:00"
"Sembene African Film Festival Presents Azur and Asmar The Prince s Quest","40.455284","-79.899214","Carnegie Library of Pittsburgh - Homewood Branch","7101 Hamilton Ave","2015-03-28 12:30"
"Coltsfoot and Chickweed Walk and Talk","","","","","2015-03-28 13:00"
"Weekly Squirrel Hill MeetUp","40.438061","-79.922653","Carnegie Library of Pittsburgh","5801 Forbes Ave","2015-03-28 13:00"
"Is There a Role for Faith in a Scientific Worldview ","40.444466","-79.942072","CMU McConomy Auditorium","5032 Forbes Avenue","2015-03-28 13:00"
"Metaphysics Meetup - Meditation Techniques and other ancient wisdom","40.438213","-79.922653","Carnegie Library - Squirrel Hill Room A","5801 Forbes Avenue","2015-03-28 14:00"
"Spring Meetup (prior to Fair Play screening)","40.462429","-79.964394","Church Brew Works","3525 Liberty Ave","2015-03-28 15:00"
"Meditation for Health and Happiness","","","","","2015-03-28 15:00"
"Vegan Buffet at Loving Hut with Bellydance Show Live Music","40.448456","-80.158007","Loving Hut","5474 Campbells Run Road","2015-03-28 16:00"
"GlobalPittsburgh Painting Night 3 - back by popular demand ","","","","","2015-03-28 16:00"
"Star Party Plan B Improv and Noodles [Carpool 5 30 Noodles 6 00 Improv 7 45]","","","","","2015-03-28 16:30"
"Multi-Meetup Happy Hour at Fox Chapel Yacht Club then Band Dancing Queen at 9pm","40.47","-79.95","Fox Chapel Yacht Club","Baja Bar and Grill","2015-03-28 17:00"
"Happy Hour at Fox Chapel Yacht Club then Band Dancing Queen at 9pm","40.47","-79.95","Fox Chapel Yacht Club","Baja Bar and Grill","2015-03-28 17:00"
"Happy Hour at Fox Chapel Yacht Club then Band Dancing Queen at 9pm","40.47","-79.95","Fox Chapel Yacht Club","Baja Bar and Grill","2015-03-28 17:00"
"Live Music And Craft Beer ","40.420868","-79.635277","Rivertowne Brewing Company","5578 Old William Penn Highway","2015-03-28 18:00"
"SPEED DATING MINGLING and NETWORKING WITH FREE CHILE CON QUESO NACHOS and TOPPINGS","40.517697","-80.030284","West View VFW","386 Perry Highway","2015-03-28 18:00"
" La febbre del sabato sera (details changed)","40.430318","-79.893478","Wilkins School Community Center","7604 Charleston Ave","2015-03-28 18:00"
"Happy Hour at Fox Chapel Yacht Club Band Dancing Queen at 9pm","40.486952","-79.877235","Fox Chapel Yacht Club - Baja Bar and Grill","1366 Old Freeport Road","2015-03-28 18:00"
" Fair Play (Czech Republic 2014) w Director Andrea Sedl kov Reception ","40.443504","-79.941574","Carnegie Mellon University-McConomy Auditorium","5000 Forbes Avenue ","2015-03-28 18:15"
"The Brew Gentlemen Beer Co.","40.404293","-79.870125","The Brew Gentlemen Beer Co.","512 Braddock Ave","2015-03-28 19:00"
"Steel Cactus (Shadyside) on a Saturday ","40.451412","-79.933632","Steel Cactus","5505 Walnut Street","2015-03-28 19:00"
"ITALIAN FILM FESTIVAL USA - Oro Macht Frei (Gold will set you free)","40.444595","-79.959839","Frick Fine Arts Auditorium","University of Pittsburgh","2015-03-28 19:30"
"BAND The Mo Nelson Band Nation at Obey House Tavern","40.44281","-80.052124","Obey House","1337 Steuben St","2015-03-28 20:30"
"Pup Photos with the Easter Bunny","40.522213","-80.077316","Animal Friends","562 Camp Horne Rd","2015-03-29 09:00"
"Donation Yoga Class at Dobra Tea in Squirrel Hill","40.434963","-79.922806","Dobra Tea","1937 Murray Ave Pittsburgh Pennsylvania","2015-03-29 09:00"
"Women Read Women Write","40.406994","-80.085823","Andrew Carnegie Free Library and Music Hall","300 Beechwood Avenue","2015-03-29 10:00"
"ITALIANO-ESPRESSO ( Italian conversation group)","40.430318","-79.893478","Wilkins School Community Center","7604 Charleston Ave","2015-03-29 10:00"
"Bereavement Support Meet Up","40.486623","-79.889904","Panera Bread - Waterworks Plaza","942 Freeport Rd","2015-03-29 11:00"
"Shape Training","40.45863","-79.931137","Shape Training","5788 Commerce Street","2015-03-29 11:30"
"Play Games drink coffee and have fun ","0","0","Westmoreland Gaming Sportscards and Comics","316 Unity St, Latrobe, Pennsylvania 15650","2015-03-29 12:00"
"Kombucha-Making 101 Workshop ","40.289692","-80.113068","Sunny Bridge Natural Foods Inc","130 Gallery Drive","2015-03-29 12:00"
"Workout","40.443362","-79.938253","Carnegie Mellon Intramural Fields","5130 Forbes Avenue","2015-03-29 12:00"
"2 Year Anniversary and Open House","40.456928","-79.915764","TechShop Pittsburgh","192 Bakery Square Blvd","2015-03-29 12:00"
"Free Activities for Families at TechShop Open House","40.456963","-79.91572","TechShop Pittsburgh","192 Bakery Sqaure Blvd","2015-03-29 12:00"
"Play Eurogames ","40.432976","-79.917404","Crazy Mocha - (412) 521-1056","Squirrel Hill (corner of Hobart and Murray)","2015-03-29 12:30"
"Penguins Pelicans and a Taste of Thai [Park 1 45 Aviary 2 00 Dinner 4 45]","","","","","2015-03-29 12:45"
"Japanese Study Group level 2 Beginner","40.438137","-79.922536","Carnegie Library Squirrel Hill","5801 Forbes Avenue","2015-03-29 13:00"
"Retreat Planning Committee Meeting","","","","","2015-03-29 13:00"
"It s an Amazing World and you Should See It ","40.413677","-79.903908","Holiday Inn Express - Waterfront","658 E. Waterfront Dr. ","2015-03-29 13:30"
"gaming at Moon Eat n Park","40.502056","-80.221909","Eat N Park","9515 University Blvd","2015-03-29 14:00"
"Selma A Community Conversation","40.46172","-79.925697","Kelly Strayhorn Theatre","5941 Penn Avenue","2015-03-29 14:00"
"Japanese study group for intermediate 1","40.438137","-79.922536","Carnegie Library Squirrel Hill","5801 Forbes Avenue","2015-03-29 14:00"
"CMU International Film Festival - Excuse My French","40.444466","-79.94207","CMU McConomy Auditorium","5032 Forbes Avenue","2015-03-29 15:00"
"Japanese study group for intermediate 2","40.438137","-79.922536","Carnegie Library Squirrel Hill","5801 Forbes Avenue","2015-03-29 15:00"
"Bible Study","40.377327","-79.967606","Josh and Becky s House","3266 Beechdale St","2015-03-29 16:00"
"6 30 Let s Practice Arabic ","40.444473","-79.941986","Skibo Coffee House","5000 Forbes Ave","2015-03-29 17:30"
"BizzBuzzBang Conference Call","0","0","Your house car or anywhere there is a phone","","2015-03-29 18:00"
"ABSOLUTE SALSA on SUNDAYS ","40.457782","-79.909891","Absolute Ballroom Dancing","6617 Hamilton Ave","2015-03-29 18:00"
"CMU Wind Ensemble","40.443628","-79.950626","Carnegie Music Hall","4400 Forbes Ave","2015-03-29 18:30"
"Get your ideas or business UNSTUCK ","40.461357","-79.924568","Zeke s Coffee","6012 Penn Ave","2015-03-30 07:00"
"Stay n Play","40.393116","-80.063522","Stay n Play Beth El","1900 Cochran Road","2015-03-30 09:00"
"Arts and Drafts","40.443089","-80.001007","Cabaret At Theater Square","655 Penn Avenue","2015-03-30 16:30"
"Build Night","40.436005","-79.981636","StartUpTown","544 Miltenberger St.","2015-03-30 17:00"
"Movie Ecce bombo (sponsored by Honorary Italian Consulate)","40.437618","-79.989601","725 Fisher Hall - Duquesne University","600 Forbes Avenue","2015-03-30 17:00"
"Squirrel Hill Writers Group","","","","","2015-03-30 17:00"
"Fight Club Ready ... Set ... Action ","40.692699","-80.105698","Quantum Counseling Services","One Landmark North Suite 205A 20399 Route 19 Brandt Drive","2015-03-30 17:30"
"BYOB Et Tu Brute ","40.434963","-79.922806","Dobra Tea","1937 Murray Ave Pittsburgh Pennsylvania","2015-03-30 18:00"
"Do yoga ","40.394169","-80.035957","Dormont Library","2950 W Liberty Ave Pittsburgh PA 15216","2015-03-30 18:30"
"Monday Bowling ","40.435069","-80.066166","CRAFTON - INGRAM LANES","252 CRAFTON INGRAM SHOPPING CENTER","2015-03-30 18:30"
"CMU Violin Concert","40.443504","-79.941574","Kresge Theater","Carnegie Mellon University","2015-03-30 19:00"
"Let s Network ","40.332508","-79.710724","Colonial Grille Restaurant and Taproom","333 Mian Street","2015-03-31 06:30"
"Lecture the Social Life of DNA in the Era of Big Data","40.444096","-79.956894","Ballroom A University Club","123 University Place","2015-03-31 14:00"
"Happy hour ","","","","","2015-03-31 16:15"
"Pattern Practice Carnegie Evenings","40.406994","-80.085823","Andrew Carnegie Free Library and Music Hall","300 Beechwood Avenue","2015-03-31 17:00"
"Mah Jong in Shadyside (Note No beginner class tonight )","40.456543","-79.915108","Panera Bread - Bakery Square","136 Bakery Square Blvd (aka 6425 Penn Ave)","2015-03-31 17:00"
"Intro Beginner Class","0","0","En Garde Fencing Club ","352 Butler Street, Pittsburgh, PA 15223","2015-03-31 17:00"
"Weekly Toastmasters Meeting","","","","","2015-03-31 17:15"
"The Decemberists Concert ... with Special Ticket Offer and Pre-Show Gathering","40.44261","-79.99923","Benedum Center For the Performing Arts","719 Liberty Ave","2015-03-31 17:30"
"Strange Brew Thirty Five","40.452087","-79.98274","The BeerHive","2117 Penn Avenue","2015-03-31 17:30"
"Django PGH Django Rest Framework","40.441185","-79.957092","Revv Oakland","3710 Forbes Ave.","2015-03-31 18:00"
"Broken Plow weekly practice","0","0","En Garde Fencing Club ","352 Butler Street, Pittsburgh, PA 15223","2015-03-31 18:00"
"2nd to LAST Cathedral Climb then Lulu s Noodles ","40.444649","-79.952599","Cathedral of Learning (by the 1st floor Elevators)","4200 Fifth Avenue","2015-03-31 18:00"
"2nd to LAST Cathedral Climb then Lulu s Noodles ","40.444649","-79.952599","Cathedral of Learning (by the 1st floor Elevators)","4200 Fifth Avenue","2015-03-31 18:00"
"Large Group Reiki Circle","40.539669","-79.872086","Way Wellness Center 1150 Freeport Road Fox Chapel 15238","1150 Freeport Road Fox Chapel 15238","2015-03-31 18:00"
"TurnOn Pittsburgh ","40.45903","-79.923882","TurnOn Pittsburgh","6110 Ellsworth Ave","2015-03-31 18:30"
"Shpongle and Phutureprimitive at Mr. Smalls ","40.480961","-79.972328","Mr. Smalls Theatre","400 Lincoln Ave","2015-03-31 19:00"
"Noche Latina at The Steel Cactus-South Side ","40.428696","-79.979332","Steel Cactus","1831 E Carson St","2015-03-31 20:00"
"Belvedere s Karaoke at The Smiling Moose","40.428715","-79.984962","Smiling Moose","1306 E Carson St","2015-03-31 21:00"
"April 2015 Photo Contest Four or 4","40.440624","-79.995888","Online Event","Internet","2015-03-31 23:15"
"Level 1 - Incito Veritas The Search for the Holy Grail","40.692699","-80.105698","Quantum Counseling Services","One Landmark North Suite 205A 20399 Route 19 Brandt Drive","2015-04-01 12:00"
"April JUICE Happy Hour","40.466677","-79.964374","Round Corner Cantina","3720 Butler St.","2015-04-01 16:00"
"Donation Yoga Class at Sterling Yoga","40.395933","-80.034589","Sterling Yoga","2889 Glenmore Ave","2015-04-01 17:00"
"TechShop Ham (Amateur) Radio MeetUp","40.456928","-79.915764","TechShop Pittsburgh","192 Bakery Square Blvd","2015-04-01 17:00"
"Cokie Roberts speaking at Chatham University","40.451275","-79.925491","Chatham University","1 Woodland Road","2015-04-01 17:00"
"Play Eurogames ","40.432976","-79.917404","Crazy Mocha - (412) 521-1056","Squirrel Hill (corner of Hobart and Murray)","2015-04-01 17:00"
"Let s play Scrabble ","40.436432","-79.958084","Panera","3401 Boulevard of the Allies","2015-04-01 17:00"
"Level 27 - Gospel of Thomas There s No Doubt About It ","40.692699","-80.105698","Quantum Counseling Services","One Landmark North Suite 205A 20399 Route 19 Brandt Drive","2015-04-01 17:30"
"PBU Monthly Meetup","40.450714","-79.984444","Roland s Seafood Grill and Iron Landing","1904 Penn Avenue","2015-04-01 17:30"
"QS PGH ShowandTell 29","40.441734","-79.945915","Porter Hall 125C Carnegie Mellon University","4880 Frew Street","2015-04-01 17:30"
"1st Wednesday of Month - Regent Square Areain","40.430318","-79.893478","Wilkins School Community Center","7604 Charleston Ave","2015-04-01 17:45"
"Yoga at the Library (Dormont South Hills)","40.394169","-80.035957","Dormont Library","2950 W Liberty Ave Pittsburgh PA 15216","2015-04-01 18:00"
"Voodoo Brewery - Homestead","","","","","2015-04-01 18:00"
"FREE COMEDY Best of the Burgh Comedy Showcase at Buckhead Saloon","40.432542","-80.003711","Buckhead Saloon","225 Station Square","2015-04-01 19:00"
"Free Comedy Best Of The Burgh Comedy Showcase at Buckhead Saloon","40.432542","-80.003711","Buckhead Saloon","225 Station Square","2015-04-01 19:00"
"Designer Day ","40.565886","-79.765609","PUGDOG S Rock and Bead Shop","933 Fifth Avenue","2015-04-02 14:00"
"A Night at the Museum [Food 5 00 Museum 5 45]","","","","","2015-04-02 16:00"
"GlobalPittsburgh First Thursdays Happy Hour for Globally-Minded People","40.450714","-79.984444","Roland s Seafood Grill","1904 Penn Avenue","2015-04-02 16:30"
"Meet Learn and Play DungeonsandDragons (MEEPLE at the Library)","40.443424","-79.948845","Carnegie Library of Pittsburgh - Main","4400 Forbes ","2015-04-02 16:30"
"Biophilia Pittsburgh April Meeting","40.439167","-79.94738","Phipps Conservatory and Botanical Gardens","1 Schenley Park","2015-04-02 16:30"
"thursday night gaming","40.30378","-80.09745","Market District Express","2840 Washington Rd","2015-04-02 16:45"
"TODAY Last Minute Happy Hour Archie s - SOUTHSIDE","40.428131","-79.971779","Archie s","2328 E Carson St","2015-04-02 17:00"
"TODAY Last Minute Happy Hour Archie s - SOUTHSIDE","40.428131","-79.971779","Archie s","2328 E Carson St","2015-04-02 17:00"
"Sketching over drinks The Library Southside","40.428196","-79.972839","The Library Pittsburgh","2302 E Carson St","2015-04-02 17:00"
"TODAY Last Minute Happy Hour at Archies in Southside ","40.428131","-79.971779","Archie s","2328 E Carson St","2015-04-02 17:00"
"North Hills French Conversation Intermediate - Advanced","40.633533","-80.059784","Panera Bread","12071 Perry Hwy","2015-04-02 17:00"
"Open sparring and practice","0","0","En Garde Fencing Club ","352 Butler Street, Pittsburgh, PA 15223","2015-04-02 17:00"
"Country Barn Beekeeping Club","","","","","2015-04-02 17:00"
"Be Social with Singles at Social ","40.456566","-79.9161","Social","6425 Penn Ave","2015-04-02 17:00"
"Play ultimate on Thursday (at Koenig Field)","40.432568","-79.888092","Koenig Field","401 Greendale Avenue","2015-04-02 17:00"
"Open Pittsburgh Work Night","40.467636","-79.959229","Carnegie Library Lawrenceville","279 Fisk Street","2015-04-02 17:30"
"Contact Forms and WordPress","40.487","-79.891792","Eat and Park","849 Freeport Road","2015-04-02 17:30"
"Autodesk Fusion 360 for the Maker","40.45636","-79.915092","TechShop","192 Bakery Square Boulevard","2015-04-02 17:30"
"RACT monthly meeting","40.700504","-80.28228","The Avenue Theater","158 Brighton AVE","2015-04-02 18:00"
"Meet and Organize","40.335861","-80.074348","McLaughlin Run Road Recreation Center Room","1770 McLaughlin Run Road","2015-04-02 18:00"
"South Hills Pittsburgh 9.12 Monthly Meeting","40.335861","-80.074348","McLaughlin Run Road Recreation Center Room","1770 McLaughlin Run Road","2015-04-02 18:00"
"Salsa Dance classes Youtopia Studio Beginner and Mixed level Cuban style salsa ","40.435703","-79.922905","Youtopia dance studio","1918 Murray Avenue","2015-04-02 18:00"
"DANCING LESSON BIG BAND The Great Jazz Conspiracy Big Band at the Elks","40.451824","-80.000793","Elks Lodge","400 Cedar Avenue","2015-04-02 18:15"
"DANCING LESSON BIG BAND The Great Jazz Conspiracy Big Band at the Elks ","40.451824","-80.000793","Elks Lodge","400 Cedar Avenue","2015-04-02 18:15"
"Yelp Under the Big Top event at Children s Museum (21 )","40.45294","-80.00681","Children s Museum","10 Children s Way","2015-04-02 19:00"
"Roger Humphries Jazz Jam Session","40.454327","-80.000999","James Street Gastropub and Speakeasy","422 Foreland Street","2015-04-02 19:00"
"Grab a Latte and Get Ready to Mastermind ","40.449253","-80.173676","Panera Bread - Robinson","250 McHolme Drive","2015-04-03 08:30"
"Easter Egg Hunt","40.269716","-80.08202","Simmons Farms","170 Simmons Rd","2015-04-03 09:00"
"Quantum Miracles Charting Your Course","40.692699","-80.105698","Quantum Counseling Services","One Landmark North Suite 205A 20399 Route 19 Brandt Drive","2015-04-03 10:00"
"WSBA The Network Lunch TM-Allegheny Valley","40.646149","-79.709923","Tres Amigos Mexican","18 Highlands Mall","2015-04-03 12:00"
"Happy Hour","","","","","2015-04-03 16:00"
"Friday Night Dinner at Kaya","40.451656","-79.984489","Kaya","2000 Smallman St","2015-04-03 16:30"
" Ancient Wisdom - A Solo Exhibition by Marike Vuga","40.464909","-79.940598","AIM Artists in Mission","5159 Penn Ave","2015-04-03 17:00"
"Flash From the Studios at the CMU School of Art -- Opening Reception ","40.443642","-79.998665","Future Tenant","819 Penn Ave","2015-04-03 17:00"
" Ancient Wisdom - A Solo Exhibition by Marike Vuga","40.464909","-79.940598","AIM Artists in Mission","5159 Penn Ave","2015-04-03 17:00"
"Play Games drink coffee and have fun ","","","","","2015-04-03 18:00"
"I d Like to Try a Loaded Bicycle Tour But I have Questions","40.342506","-80.055893","South Hills Village","301 S Hills Vlg","2015-04-03 18:00"
"Monthly Theme Album","40.440624","-79.995888","Online Event","Internet","2015-04-03 18:00"
"Fun shots","40.440624","-79.995888","Online Event","Internet","2015-04-03 18:00"
"Friday April 3rd - GOOD FRIDAY CELEBRATION at Dale Craig s The approximate sta","","","","","2015-04-03 18:30"
"FREE SHOW at Hard Rock Cafe Hard Rock Rising THE global Battle of the Bands","40.433884","-80.005005","Hard Rock Cafe"," 230 W. Station Square Drive","2015-04-03 19:00"
"Talking to Strangers","40.46563","-79.954803","Brillobox","4104 Penn Ave","2015-04-03 20:30"
"Join us for an Intermediate Group Ride","40.458889","-79.917595","Performance Bicycle","6401 Penn Ave","2015-04-04 08:00"
"Investment Club Education and Organization","40.4557","-79.895767","The Triplex","7238 Fleury Way","2015-04-04 08:00"
"Meet Elite Athlete s Kick off II","0","0","Bridgeport City Park","Johnson Avenue","2015-04-04 08:30"
"estelle_becker yahoo.com","40.357609","-80.050369","Panera Bread","1500 Washington Rd Mt Lebanon PA ","2015-04-04 09:00"
"Gaming at the Library ","40.460884","-79.926399","Carnegie Library of Pittsburgh - East Liberty Branch","130 South Whitfield Street","2015-04-04 09:00"
"Russian Conversation Group","40.435524","-79.922836","Dobra Tea","1937 Murray Ave","2015-04-04 10:00"
"Play ultimate on Saturday (at Koenig Field)","40.432568","-79.888092","Koenig Field","401 Greendale Avenue","2015-04-04 10:00"
"bavarder en francais ","40.433531","-79.923204","Crazy Mocha","2100 Murray Ave","2015-04-04 10:00"
"Weekly league play Pittsburgh Oakland TT Club","40.463379","-79.923729","Eastminster Presbyterian Church","250 N Highland Ave","2015-04-04 10:30"
"Craig s Boardgame House Party","","","","","2015-04-04 11:00"
"Craig s boardgame house party","40.54076","-80.096405","Craigs home","1307 Roosevelt Rd","2015-04-04 11:00"
"Shape Training","40.45863","-79.931137","Shape Training","5788 Commerce Street","2015-04-04 11:30"
"Full Moon Chickweed Workshop Introduction and Harvest","","","","","2015-04-04 12:00"
"Stammtisch","40.395706","-80.066353","Panera Bread","1900 Greentree Road","2015-04-04 12:00"
"Photo 101 Course - Phipps Conservatory","","","","","2015-04-04 12:00"
"Lunch and Conversation in Casa Reyna","","","","","2015-04-04 12:30"
"Weekly Squirrel Hill MeetUp","40.438213","-79.922653","Carnegie Library of Pittsburgh - Squirrel Hill Branch","5801 Forbes Avenue","2015-04-04 13:00"
"Basic Outdoor Skills","","","","","2015-04-04 14:00"
"Meditation for Health and Happiness","","","","","2015-04-04 14:00"
"Free Family-Friendly Comedy Workshop (registration recquired)","0","0","Arcade Comedy Theater","811 Liberty Aveune 15222","2015-04-04 14:30"
"PIEROGI NIGHT vs. Banh Mi (all homemade vegan)","40.46777","-79.958496","Stephen Foster Community Center","286 Main Street","2015-04-04 17:30"
"Full Moon Hike","40.588665","-80.00666","Pie Traynor Field Parking Lot","S Ridge Rd","2015-04-04 17:30"
"Banff Mountain Film Festival World Tour (during April 4-5)","40.443848","-80.002548","Byham Theater","101 6th St","2015-04-04 17:30"
"FREE Tropidelic w Stationary Pebbles and Wine and Spirit","40.428684","-79.982414","Rex Theater","1602 East Carson Street","2015-04-04 20:00"
"Tobacco Road at Knuckleheads - April 4th. Enjoy fun music from 80 s 90 s and today","40.544968","-80.031273","Knuckleheads Bar","146 Three Degree Rd","2015-04-04 20:00"
"Monthly Meetup South Park Walk","40.292603","-79.997589","South Park","Offleash Upper Parking Lot","2015-04-05 09:30"
"SUP3Rivers Street and Trail SUP -- Stand Up Land Paddling","40.426523","-79.980798","Southside Riverfront Park","South 18th Street","2015-04-05 10:00"
"Easter Sunday Flotilla","40.597488","-79.997032","North Park Lake","Corner of Pearce Mill Road and Babcock Blvd.","2015-04-05 11:30"
"Easter Sunday Flotilla","40.597488","-79.997032","North Park Lake","Corner of Pearce Mill Road and Babcock Blvd.","2015-04-05 11:30"
"Poetry Therapy","40.458691","-79.936859","Poetry Therapy","421 S. Graham St.","2015-04-05 12:00"
"Play Eurogames ","40.432976","-79.917404","Crazy Mocha - (412) 521-1056","Squirrel Hill (corner of Hobart and Murray)","2015-04-05 12:30"
"EASTER PARADE FOR DOGS","40.432181","-79.980113","South Side Riverfront Park","1 South 18th Street","2015-04-05 13:00"
"EASTER PARADE FOR DOGS","40.432181","-79.980113","South Side Riverfront Park","1 South 18th Street","2015-04-05 13:00"
"EASTER PARADE FOR DOGS","40.432181","-79.980113","South Side Riverfront Park","1 South 18th Street","2015-04-05 13:00"
"Easter Sunday Happy Hour and Dinner at Mitchell s Fish Market","40.41054","-79.915697","Mitchell s Fish Market","185 West Waterfront Drive ","2015-04-05 16:00"
"Sunday evening FUN tennis for ALL levels","40.431979","-79.94216","Schenley Park tennis courts","Overlook Drive","2015-04-05 16:00"
"BizzBuzzBang Conference Call","40.438339","-79.997467","Phone Conference Only","Dial (712) 775-7085 Access Code 434794 ","2015-04-05 18:00"
"Get your ideas or business UNSTUCK ","40.461357","-79.924568","Zeke s Coffee","6012 Penn Ave","2015-04-06 07:00"
"Squirrel Hill Writers Group","","","","","2015-04-06 17:00"
" Pay-what-you-can Family Yoga Class","40.471529","-79.926278","The Union Project","801 N. Negley Ave.","2015-04-06 17:30"
"seed swap","","","","","2015-04-06 17:30"
"FREE CMU School of Architecture Lecture Series George Pauly","40.443504","-79.941574","Baker Hall A-51","Carnegie Mellon University","2015-04-06 17:30"
"Dinner and Drinks","40.45158","-79.932526","Trapuzzano Italian Chophouse","5533 Walnut St","2015-04-06 17:30"
"CONTEST KICKOFF Monday April 6.2015","40.427481","-79.854491","Trinity Christian School","299 Ridge Avenue","2015-04-06 18:00"
"Healthcare for All PA Pittsburgh Meeting","40.432976","-79.917404","Crazy Mocha - (412) 521-1056","Squirrel Hill (corner of Hobart and Murray)","2015-04-06 18:00"
"Monthly Social Bike Ride - Roll Pittsburgh","40.441096","-80.001375","Market Square","222 5th Avenue","2015-04-06 18:00"
"Monthly Meeting","40.365093","-80.048958","Sunnyhill Unitarian Universalist Church","1240 Washington Rd. ","2015-04-06 18:15"
"1st Monday Ukulele in North Hills","40.584347","-80.081696","Unitarian Universalist Church of North Hills","2359 West Ingomar Road ","2015-04-06 18:30"
"Coworking Inaugural Meeting","40.521019","-80.02594","North Hills Grill","96 Rochester Rd","2015-04-07 10:00"
"Join Us For Our Semi Monthly Networking Meeting","40.447395","-79.71302","Pugliano s Italian Grill","1808 Golden Mile Highway","2015-04-07 11:30"
"Book Club","40.303905","-79.544739","The White Rabbit Cafe and Patisserie","113 N. Main St.","2015-04-07 16:30"
"Movie night for April The Divergent Series Insurgent","","","","","2015-04-07 16:30"
"Pattern Practice Carnegie Evenings","40.406994","-80.085823","Andrew Carnegie Free Library and Music Hall","300 Beechwood Avenue","2015-04-07 17:00"
"Intro Beginner Class","0","0","En Garde Fencing Club ","352 Butler Street, Pittsburgh, PA 15223","2015-04-07 17:00"
"Mah Jong in Shadyside (Note No beginner class tonight )","40.456543","-79.915108","Panera Bread - Bakery Square","136 Bakery Square Blvd (aka 6425 Penn Ave)","2015-04-07 17:00"
"Weekly Toastmasters Meeting","","","","","2015-04-07 17:15"
"Knit Night at Getaway Cafe ","40.384632","-80.015648","The Getaway Cafe","3049 Sussex Avenue at McNeilly Road 15226","2015-04-07 17:30"
"Monthly Club Veg","40.292664","-80.103767","Avani Institute","3055 Washington Rd","2015-04-07 17:30"
"Fusion 360 Class 2","40.45636","-79.915092","TechShop","192 Bakery Square Boulevard","2015-04-07 17:30"
"Dinner Conversation then Salsa Dancing","40.428696","-79.979332","Steel Cactus","1831 E Carson St","2015-04-07 18:00"
"Yoga at the Library (Dormont South Hills)","40.394169","-80.035957","Dormont Library","2950 W Liberty Ave Pittsburgh PA 15216","2015-04-07 18:00"
"Inaugural meet-up ","","","","","2015-04-07 18:00"
"Emotional Freedom Technique EFT - Tapping with Deb Carter","0","0","La Dorita ","2312 Main Street, Pittsburgh, PA","2015-04-07 18:00"
"LAST Cathedral Climb then UNION GRILL (BAR) Celebration ","40.444649","-79.952599","Cathedral of Learning (by the 1st floor Elevators)","4200 Fifth Avenue","2015-04-07 18:00"
"Broken Plow weekly practice","0","0","En Garde Fencing Club ","352 Butler Street, Pittsburgh, PA 15223","2015-04-07 18:00"
"LAST Cathedral Climb then UNION GRILL (BAR) Celebration ","40.444649","-79.952599","Cathedral of Learning (by the 1st floor Elevators)","4200 Fifth Avenue","2015-04-07 18:00"
"Literary Reading by Daniel Jones Lori Jakiela and Aubrey Hirsch","40.444595","-79.959839","Room 232 Cathedral of Learning","University of Pittsburgh","2015-04-07 18:00"
"Speed Dating Event For All Single Professionals Ages 21-29","40.4432","-80.00244","Olive or Twist","140 6th St","2015-04-07 18:00"
"Speed Dating Event For All Single Professionals Ages 21-29","40.4432","-80.00244","Olive or Twist","140 6th St","2015-04-07 18:00"
"Free In-Store Clinic - First Aid Kit","40.54281","-80.00945","L.L.Bean Store at Ross Park Mall","1000 Ross Park Mall Drive","2015-04-07 18:30"
"Rand Paul s Presidential Bid Announcement Party","40.428684","-79.982941","Mario s South Side Saloon","1514 E Carson St","2015-04-07 19:30"
"Rand Paul s Presidential Bid Announcement Party","40.428684","-79.982941","Mario s South Side Saloon","1514 E Carson St","2015-04-07 19:30"
"Help out at the Oakland Community Pantry","40.433662","-79.961472","CHS Oakland Community Pantry","370 Lawn St. ","2015-04-08 09:00"
"WSBA The Network Lunch - Shaler Gibsonia","40.544781","-79.972366","Le Thai Caf ","2909 Mount Royal Blvd","2015-04-08 10:30"
"Second Wednesday Meditation Group","40.441776","-79.997383","Carnegie Library of Pittsburgh - Downtown and Business","612 Smithfield St","2015-04-08 11:00"
"Level 2 - Life In Chaos Breathe easy ...","40.692699","-80.105698","Quantum Counseling Services","One Landmark North Suite 205A 20399 Route 19 Brandt Drive","2015-04-08 12:00"
"Fitness paddle after work","40.199703","-79.769264","Performance Kayak ","334 Buddtown Rd","2015-04-08 16:00"
"Donation Yoga Class at Sterling Yoga","40.395933","-80.034589","Sterling Yoga","2889 Glenmore Ave","2015-04-08 17:00"
"Play Eurogames ","40.432976","-79.917404","Crazy Mocha - (412) 521-1056","Squirrel Hill (corner of Hobart and Murray)","2015-04-08 17:00"
"Game Night Fundraiser 5 for ANY or ALL Sessions [6 00 7 20 8 20]","","","","","2015-04-08 17:00"
"Network After Work at Buckhead Saloon","40.433949","-80.005486","Buckhead Saloon (in Station Square)","225 West Station Square Drive","2015-04-08 17:00"
"Angular.js Automation with Rupert.js","40.456627","-79.91497","UPMC Technology Development Center ","Bakery Square Suite 200 6425 Penn Avenue Pittsburgh PA 15206","2015-04-08 17:00"
"Scrabble goes to ABC PGC","40.464127","-79.933017","Pittsburgh Glass Center","5472 Penn Ave.","2015-04-08 17:00"
"Schenley Park Sweep","40.43834","-79.946465","Shenley Park","Overlook Drive","2015-04-08 17:00"
"Level 27 - Gospel of Thomas There s No Doubt About It ","40.692699","-80.105698","Quantum Counseling Services","One Landmark North Suite 205A 20399 Route 19 Brandt Drive","2015-04-08 17:30"
"April Meeting","40.271793","-80.127556","Italian Village Pizza","3905 Washington Road","2015-04-08 17:30"
"Getting to Know Garden Herbs","40.455284","-79.899216","Carnegie Library of Homewood","7101 Hamilton Ave.","2015-04-08 17:30"
"Polymer.js","40.439117","-80.00061","Tele-Tracking Technologies Inc","336 4th Ave Fl 7","2015-04-08 17:30"
"Build Guild Pittsburgh","40.46257","-79.950127","Lot 17","4617 Liberty Avenue","2015-04-08 17:30"
"Shadyside Stammtisch","40.45672","-79.929955","Crazy Mocha","5830 Ellsworth Ave","2015-04-08 17:30"
"DATE CHANGE - APR 8th - Here I Go Again (Jen Lancaster) - SOUTH HILLS","40.312354","-80.065841","Al s Cafe","435 McMurray Road","2015-04-08 18:00"
"Legions Hobbies and Games DandD Encounters","","","","","2015-04-08 18:00"
"Open Discussion Dreamwork Dreaming Sleep and Relaxation","40.404533","-80.033188","Sparkledragon s Magical Emporium","2120 Broadway Ave","2015-04-08 18:00"
"Open Discussion Dreamwork Dreaming Sleep and Relaxation","40.404533","-80.033188","Sparkledragon s Magical Emporium","2120 Broadway Ave","2015-04-08 18:00"
"CMU Film Festival - 10 Minutes (Korean)","40.443504","-79.941574","Carnegie Mellon University-McConomy Auditorium","5000 Forbes Avenue ","2015-04-08 18:00"
"BeginnerPLUS 2nd Wednesday","40.430318","-79.893478","Wilkins School Community Center","7604 Charleston Ave","2015-04-08 18:00"
"Intro to Erlang","40.437515","-79.92305","IBM Squirrel Hill","1710 Murray Avenue","2015-04-08 18:00"
