1, 4100 Forbes Ave.  Pittsburgh,-79.95211,40.443535
2, 1201 Woods Run Ave..  Pittsburgh,-80.030357,40.476238
3, 1918 Murray Avenue.  Pittsburgh,-79.922905,40.435703
4, 612 Smithfield Street.  Pittsburgh,-79.99752,40.44175
5, 4500 Schenley Dr..  Pittsburgh,-79.947199,40.440169
6, 1601 East Carson Street Sky Level.  Pittsburgh,-79.982552,40.428871
7, 4000 Middle Road.  Allison Park,-79.928058,40.569818
8, North Ridge Lane .  Allison Park,-80.006732,40.608727
9, 1937 Murray Ave Pittsburgh Pennsylvania.  Pittsburgh,-79.922806,40.434963
10, 612 Smithfield Street.  Pittsburgh,-79.99752,40.44175
11, 2005 Beechwood Boulevard.  Pittsburgh,-79.909081,40.43597
12, 1 Allegheny Avenue.  Pittsburgh,-80.017593,40.446014
13, 400 Cedar Avenue.  Pittsburgh,-80.000799,40.451826
14, 302 S St Clair St.  Pittsburgh,-79.930554,40.459939
15, 2950 W Liberty Ave  Pittsburgh PA 15216.  Pittsburgh,-80.035957,40.394169
16, 6 Allegheny Sq.  Pittsburgh,-80.006554,40.45224
17, 811 Liberty Aveune 15222.  Pittsburgh,-79.998586,40.4430326
18, 1253 Bushy Run Rd..  Jeanette,-79.623558,40.353489
19, 4000 Middle Road.  Allison Park,-79.928058,40.569818
20, 1557 Broadway Avenue.  Pittsburgh,-80.024681,40.410015
21, Brownsville Rd.  South Park,-80.007857,40.290488
22, 612 Smithfield Street.  Pittsburgh,-79.99752,40.44175
23, 612 Smithfield Street.  Pittsburgh,-79.99752,40.44175
24, 3600 Library Rd.  Pittsburgh,-80.017593,40.365307
25, 40th St.  Pittsburgh,-79.96139,40.46793
26, 320 Sampsonia Way.  Pittsburgh,-80.011147,40.457176
27, McCorkle Road and Brownsville Road.  Pittsburgh,-79.995415,40.302334
28, University of Pittsburgh.  Pittsburgh,-79.959778,40.436726
29, 4500 Schenley Dr..  Pittsburgh,-79.947199,40.440169
30, 1918 Murray Avenue.  Pittsburgh,-79.922905,40.435703
31, 5006 Penn Ave .  Pittsburgh,-79.943771,40.465092
32, 1918 Murray Ave.  Squirrel Hill,-79.922905,40.435703
33, 2795 S Water St.  Pittsburgh,-79.963982,40.428028
34, 612 Smithfield Street.  Pittsburgh,-79.99752,40.44175
35, 1800 Preble & Columbus Ave in the RJ Casey Industrial Park.  Pittsburgh,-80.032295,40.45685
36, 4000 Middle Road.  Allison Park,-79.928058,40.569818
37, 1531 Mayview Rd .  Pittsburgh,-80.110611,40.336674
38, 1000 Ross Municipal Drive.  Pittsburgh,-80.006271,40.516071
39, 4500 Schenley Dr..  Pittsburgh,-79.947199,40.440169
40, 136 Bakery Square Blvd.  Pittsburgh,-79.915154,40.456512
41, 4104 Penn Avenue.  Pittsburgh,-79.95475,40.465668
42, 1 Schenley Park.  Pittsburgh,-79.952049,40.434238
43, 225 Station Square.  Pittsburgh,-80.003711,40.432542
44, 1224 E Carson St. 3rd floor (use 13th st entrance).  Pittsburgh,-79.986038,40.428734
45, 132 Graham Park Dr. Ste. 100 Cranberry Twp. PA 16066.  Cranberry Twp.,-80.1228686,40.6999299
46, 300 Cumberland Road.  Pittsburgh,-80.034645,40.571003
47, 1937 Murray Ave Pittsburgh Pennsylvania.  Pittsburgh,-79.922806,40.434963
48, 1224 E Carson St. 3rd floor (use 13th st entrance).  Pittsburgh,-79.986038,40.428734
49, 824 Brookline Blvd.  Pittsburgh,-80.019531,40.393013
50, 255 E Ohio St.  Pittsburgh,-80.003014,40.453072
51, Route 51.  Rostraver,-79.802686,40.175531
52, 4301 Forbes Ave  .  Pittsburgh,-79.950516,40.444019
53, 40th St.  Pittsburgh,-79.96139,40.46793
54, 1 Riverview Ave.  Pittsburgh,-80.014664,40.484368
55, 130 S Whitfield St.  Pittsburgh,-79.926414,40.460835
56, 802 Brookline Boulevard.  Pittsburgh,-80.020142,40.393463
57, 1601 East Carson Street Sky Level.  Pittsburgh,-79.982552,40.428871
58, 100 Village Club Drive .  Wexford,-80.052842,40.633237
59, 4905 Fifth Avenue.  Pittsburgh,-79.943314,40.44796
60, 1 Riverview Ave.  Pittsburgh,-80.014664,40.484368
61, 3091 Carson Ave. Murrysville 15668.  Pittsburgh,-79.694313,40.425285
62, 811 Liberty Aveune 15222.  Pittsburgh,-79.998586,40.4430326
63, 1 Riverview Ave.  Pittsburgh,-80.014664,40.484368
64, 2950 W Liberty Ave  Pittsburgh PA 15216.  Pittsburgh,-80.035957,40.394169
65, 1599 South Dallas Avenue.  Pittsburgh,-79.907282,40.4418409
66, 4000 Gateway Campus Boulevard.  Monroeville ,-79.752569,40.430062
67, 400 Cedar Avenue.  Pittsburgh,-80.000793,40.451824
68, 612 Smithfield Street.  Pittsburgh,-79.99752,40.44175
69, 555 Morewood Ave.  Pittsburgh,-79.943138,40.451195
70, 1800 Preble & Columbus Ave in the RJ Casey Industrial Park.  Pittsburgh,-80.03286,40.456837
71, 1918 Murray Avenue.  Pittsburgh,-79.922905,40.435703
72, 612 Smithfield Street.  Pittsburgh,-79.99752,40.44175
73, 400 Cedar Avenue.  Pittsburgh,-80.000799,40.451826
74, 4500 Schenley Dr..  Pittsburgh,-79.947199,40.440169
75, 4500 Schenley Dr..  Pittsburgh,-79.947199,40.440169
76, 612 Smithfield Street.  Pittsburgh,-79.99752,40.44175
77, 1531 Mayview Rd .  Pittsburgh,-80.110611,40.336674
78, 1937 Murray Ave Pittsburgh Pennsylvania.  Pittsburgh,-79.922806,40.434963
79, 1224 E Carson St. 3rd floor (use 13th st entrance).  Pittsburgh,-79.986038,40.428734
80, The University of Pittsburgh.  Pittsburgh,-79.953972,40.440609
81, 2950 W Liberty Ave  Pittsburgh PA 15216.  Pittsburgh,-80.035957,40.394169
82, 1557 Broadway Avenue.  Pittsburgh,-80.024681,40.410015
83, 1317 East Carson Street.  Pittsburgh,-79.984566,40.429134
84, 2795 S Water St.  Pittsburgh,-79.963982,40.428028
85, 353 North Shore Drive.  Pittsburgh,-80.010818,40.445938
86, 4104 Penn Avenue.  Pittsburgh,-79.95475,40.465668
87, 529 -540 Smithfield St.  Pittsburgh,-79.997467,40.438339
88, 1225 Greer Rd..  Pittsburgh,-80.161545,40.434818
89, 2950 W Liberty Ave  Pittsburgh PA 15216.  Pittsburgh,-80.035957,40.394169
90, Corner of Filbert St. and Walnut Street.  Pittsburgh,-79.932976,40.451439
91, 4000 Middle Road.  Allison Park,-79.928058,40.569818
92, 1253 Bushy Run Rd..  Jeanette,-79.62356,40.35349
93, Brownsville Rd.  South Park,-80.007857,40.290488
94, 4000 Middle Road.  Allison Park,-79.928058,40.569818
95, Brownsville Rd.  South Park,-80.007857,40.290488
96, 2120 Broadway Ave.  Pittsburgh,-80.033188,40.404533
97, McCorkle Road and Brownsville Road.  Pittsburgh,-79.995415,40.302334
98, 1937 Murray Ave Pittsburgh Pennsylvania.  Pittsburgh,-79.922806,40.434963
99, 114 Southpointe Blvd.  Canonsburg,-80.160919,40.27462
100, 612 Smithfield Street.  Pittsburgh,-79.99752,40.44175
101, 400 Cedar Avenue.  Pittsburgh,-80.000793,40.451824
102, 5000 Forbes Ave.  Pittsburgh,-79.942047,40.444118
103, 824 Brookline Blvd.  Pittsburgh,-80.019531,40.393013
104, 708-710 Brookline Blvd..  Pittsburgh,-80.02137,40.394427
105, 4500 Schenley Dr..  Pittsburgh,-79.947199,40.440169
106, 811 Liberty Aveune 15222.  Pittsburgh,-79.998586,40.4430326
107, Different start points.  Near Pittsburgh,-79.995888,40.440624
108, 10 E Sherman St.  Pittsburgh,-79.972046,40.478786
109, 4500 Schenley Dr..  Pittsburgh,-79.947199,40.440169
110, 116 School Rd. .  Aliquippa 15001,-80.327858,40.543999
111, 400 Cedar Avenue.  Pittsburgh,-80.000799,40.451826
112, 4400 Forbes Avenue.  Pittsburgh,-79.948845,40.443424
113, 5006 Penn Ave .  Pittsburgh,-79.943771,40.465092
114, Shady Ave & 5th.  Pittsburgh,-79.920738,40.452892
115, 1000 Madison Avenue.  Pittsburgh,-79.99762,40.456715
116, 225 37th Street.  Pittsburgh,-79.963943,40.465851
117, Walnut Street.  Pittsburgh,-79.93356,40.451355
118, 612 Smithfield Street.  Pittsburgh,-79.99752,40.44175
119, University Center 414 Wood Street.  Pittsburgh,-80.000607,40.439519
120, 612 Smithfield St.  Pittsburgh,-79.997383,40.441776
121, 1599 South Dallas Avenue.  Pittsburgh,-79.907282,40.4418409
122, 1 Riverview Ave.  Pittsburgh,-80.014664,40.484368
123, 2120 Broadway Ave.  Pittsburgh,-80.033188,40.404533
124, 401 Biddle Ave (Regent Square) 15221.  Pittsburgh,-79.8921011,40.4381463
125, Corner of Ella St and Shingiss Streets.  McKees Rocks,-80.057388,40.465542
126, 2120 Broadway Ave.  Pittsburgh,-80.033188,40.404533
127, 612 Smithfield Street.  Pittsburgh,-79.99752,40.44175
128, 1 Riverview Ave.  Pittsburgh,-80.014664,40.484368
129, 1350 Ewing Rd.  Coraopolis,-80.18604,40.491043
130,. ,,
131,. ,,
132, Overlook Drive.  Pittsburgh,-79.94216,40.431979
133, 1350 Ewing Rd.  Coraopolis,-80.18604,40.491043
134, Overlook Drive.  Pittsburgh,-79.94216,40.431979
135, 1350 Ewing Rd.  Coraopolis,-80.18604,40.491043
136, Overlook Drive.  Pittsburgh,-79.94216,40.431979
137, 6798 Stanton Ave.  Pittsburgh,-79.910736,40.475098
138, Overlook Drive.  Pittsburgh,-79.94216,40.431979
139,. ,,
140, Overlook Drive.  Pittsburgh,-79.94216,40.431979
141, Overlook Drive.  Pittsburgh,-79.94216,40.431979
142, 1900 block of Pioneer Ave.  Pittsburgh,-80.015526,40.403713
143, Overlook Drive.  Pittsburgh,-79.94216,40.431979
144,. ,,
145,. ,,
146,. ,,
147,. ,,
148, Overlook Drive.  Pittsburgh,-79.94216,40.431979
149, 1350 Ewing Rd.  Coraopolis,-80.18604,40.491043
150, 1350 Ewing Rd.  Coraopolis,-80.18604,40.491043
151,. ,,
152, Overlook Drive.  Pittsburgh,-79.94216,40.431979
153, 1350 Ewing Rd.  Coraopolis,-80.18604,40.491043
154, Overlook Drive.  Pittsburgh,-79.94216,40.431979
155, Overlook Drive.  Pittsburgh,-79.94216,40.431979
156,. ,,
157,. ,,
158,. ,,
159, Overlook Drive.  Pittsburgh,-79.94216,40.431979
160,. ,,
161,. ,,
162,. ,,
163,. ,,
164,. ,,
165,. ,,
166,. ,,
167,. ,,
168,. ,,
169,. ,,
170,. ,,
171,. ,,
172,. ,,
173, 3401 Blvd Of The Allies.  Pittsburgh,-79.958076,40.436008
174, 4400 Forbes .  Pittsburgh,-79.948845,40.443424
175, 4400 Forbes .  Pittsburgh,-79.948845,40.443424
176,. ,,
177,. ,,
178,. ,,
179,. ,,
180,. ,,
181,. ,,
182, 3401 Blvd Of The Allies.  Pittsburgh,-79.958076,40.436008
183,. ,,
184, 5801 Forbes Avenue.  Pittsburgh,-79.922536,40.438137
185, 5801 Forbes Avenue.  Pittsburgh,-79.922536,40.438137
186, 5801 Forbes Avenue.  Pittsburgh,-79.922536,40.438137
187, 5801 Forbes Avenue.  Pittsburgh,-79.922536,40.438137
188, 5801 Forbes Avenue.  Pittsburgh,-79.922536,40.438137
189, 5801 Forbes Avenue.  Pittsburgh,-79.922536,40.438137
190, 5801 Forbes Avenue.  Pittsburgh,-79.922536,40.438137
191, 5801 Forbes Avenue.  Pittsburgh,-79.922536,40.438137
192, 5801 Forbes Avenue.  Pittsburgh,-79.922536,40.438137
193, 5801 Forbes Avenue.  Pittsburgh,-79.922536,40.438137
194, 537 Suismon St.  Pittsburgh,-79.999733,40.455265
195, 5801 Forbes Avenue.  Pittsburgh,-79.922536,40.438137
196, 5801 Forbes Avenue.  Pittsburgh,-79.922536,40.438137
197, 5801 Forbes Avenue.  Pittsburgh,-79.922536,40.438137
198, 5801 Forbes Avenue.  Pittsburgh,-79.922536,40.438137
199, 5801 Forbes Avenue.  Pittsburgh,-79.922536,40.438137
200, 5801 Forbes Avenue.  Pittsburgh,-79.922536,40.438137
201, 5801 Forbes Avenue.  Pittsburgh,-79.922536,40.438137
202,. ,,
203,. ,,
204, 401 Greendale Avenue.  Pittsburgh,-79.888092,40.432568
205, 311 Willow Crossing Road.  Greensburg,-79.5671578,40.2765734
206, 139 Mairdale Ave.  Pittsburgh,-80.021164,40.490067
207, 1000 Lancaster Ave.  Pittsburgh,-79.898384,40.431808
208, 1000 Lancaster Ave.  Pittsburgh,-79.898384,40.431808
209, 139 Mairdale Ave.  Pittsburgh,-80.021164,40.490067
210," 311 Willow Crossing Road.  Greensburg, PA",-79.567615,40.284339
211, Robinson Street Extension.  Pittsburgh,-79.997467,40.438339
212, 139 Mairdale Ave.  Pittsburgh,-80.021164,40.490067
213, 311 Willow Crossing Road.  Greensburg,-79.56413,40.277355
214, 401 Greendale Avenue.  Pittsburgh,-79.888092,40.432568
215, 4800 Frew Street.  Pittsburgh,-79.948149,40.440809
216, 401 Greendale Avenue.  Pittsburgh,-79.888092,40.432568
217," 311 Willow Crossing Road.  Greensburg, PA",-79.567615,40.284339
218, 1000 Lancaster Ave.  Pittsburgh,-79.898384,40.431808
219, 139 Mairdale Ave.  Pittsburgh,-80.021164,40.490067
220, 1000 Lancaster Ave.  Pittsburgh,-79.898384,40.431808
221, 4800 Frew Street.  Pittsburgh,-79.948149,40.440809
222, 401 Greendale Avenue.  Pittsburgh,-79.888092,40.432568
223, Corner of Filbert St. and Walnut Street.  Pittsburgh,-79.932976,40.451439
224, 5981 Baptist Road.  Bethel Park,-80.01411,40.34528
225, 2609 Brownsville Road.  Pittsburgh,-79.978386,40.385338
226, 400 Cedar Avenue.  Pittsburgh,-80.000793,40.451824
227, 100 Village Club Dr.  Wexford,-80.050629,40.632927
228, 2447 Tilbrook Road.  monroeville,-79.76342,40.420403
229, 305 Port Royal Drive.  Belle Vernon,-79.797353,40.168537
230, 400 Cedar Avenue.  Pittsburgh,-80.000793,40.451824
231, 424 S Main St.  Pittsburgh,-80.033798,40.441303
232, 3600 Library Rd.  Pittsburgh,-80.017593,40.365307
233, 225 37th Street .  Pittsburgh,-79.963923,40.465831
234, 744 E. Warrington Ave. .  Pittsburgh,-79.99408,40.421764
235, 3525 Liberty Ave.  Pittsburgh,-79.964394,40.46244
236, 200 Quinn Dr Pittsburgh PA 15275.  Pittsburgh,-80.177849,40.446178
237, 225 Station Square.  Pittsburgh,-80.003711,40.432542
238, 353 North Shore Drive Pittsburgh PA 15212.  Pittsburgh,-80.010818,40.445938
239, 1366 Old Freeport Road.  Pittsburgh,-79.877235,40.486952
240, 1294 Freedom Road.  Cranberry,-80.110649,40.684097
241, One Landmark North Suite 205A 20399 Route 19 Brandt Drive.  Cranberry Twp,-80.105698,40.692699
242, One Landmark North Suite 205A 20399 Route 19 Brandt Drive.  Cranberry Twp,-80.105698,40.692699
243, One Landmark North Suite 205A 20399 Route 19 Brandt Drive.  Cranberry Twp,-80.105698,40.692699
244, One Landmark North Suite 205A 20399 Route 19 Brandt Drive.  Cranberry Twp,-80.105698,40.692699
245, One Landmark North Suite 205A 20399 Route 19 Brandt Drive.  Cranberry Twp,-80.105698,40.692699
246, One Landmark North Suite 205A 20399 Route 19 Brandt Drive.  Cranberry Twp,-80.105698,40.692699
247, One Landmark North Suite 205A 20399 Route 19 Brandt Drive.  Cranberry Twp,-80.105698,40.692699
248, One Landmark North Suite 205A 20399 Route 19 Brandt Drive.  Cranberry Twp,-80.105698,40.692699
249, One Landmark North Suite 205A 20399 Route 19 Brandt Drive.  Cranberry Twp,-80.105698,40.692699
250, One Landmark North Suite 205A 20399 Route 19 Brandt Drive.  Cranberry Twp,-80.105698,40.692699
251, One Landmark North Suite 205A 20399 Route 19 Brandt Drive.  Cranberry Twp,-80.105698,40.692699
252, One Landmark North Suite 205A 20399 Route 19 Brandt Drive.  Cranberry Twp,-80.105698,40.692699
253, One Landmark North Suite 205A 20399 Route 19 Brandt Drive.  Cranberry Twp,-80.105698,40.692699
254, One Landmark North Suite 205A 20399 Route 19 Brandt Drive.  Cranberry Twp,-80.105698,40.692699
255, One Landmark North Suite 205A 20399 Route 19 Brandt Drive.  Cranberry Twp,-80.105698,40.692699
256, One Landmark North Suite 205A 20399 Route 19 Brandt Drive.  Cranberry Twp,-80.105698,40.692699
257, 7604 Charleston Ave.  Pittsburgh,-79.893478,40.430318
258, 7604 Charleston Ave.  Pittsburgh,-79.893478,40.430318
259, 7604 Charleston Ave.  Pittsburgh,-79.893478,40.430318
260, 7604 Charleston Ave.  Pittsburgh,-79.893478,40.430318
261, 7604 Charleston Ave.  Pittsburgh,-79.893478,40.430318
262, 7604 Charleston Ave.  Pittsburgh,-79.893478,40.430318
263, 1212 Smallman Street.  Pittsburgh,-79.992615,40.446491
264, 7604 Charleston Ave.  Pittsburgh,-79.893478,40.430318
265, 7604 Charleston Ave.  Pittsburgh,-79.893478,40.430318
266, 7604 Charleston Ave.  Pittsburgh,-79.893478,40.430318
267, 7604 Charleston Ave.  Pittsburgh,-79.893478,40.430318
268, 7604 Charleston Ave.  Pittsburgh,-79.893478,40.430318
269, 7604 Charleston Ave.  Pittsburgh,-79.893478,40.430318
270, 7604 Charleston Ave.  Pittsburgh,-79.893478,40.430318
271, Corner of Pearce Mill Road and Babcock Blvd..  Pittsburgh,-79.997032,40.597488
272, 1000 Ross Park Mall Drive.  Pittsburgh,-80.008774,40.544636
273, Corner of Pearce Mill Road and Babcock Blvd..  Pittsburgh,-79.997032,40.597488
274, 70 River Front Drive.  Pittsburgh,-79.97268,40.471233
275, Corner of Pearce Mill Road and Babcock Blvd..  Pittsburgh,-79.997032,40.597488
276, Corner of Pearce Mill Road and Babcock Blvd..  Pittsburgh,-79.997032,40.597488
277, Corner of Pearce Mill Road and Babcock Blvd..  Pittsburgh,-79.997032,40.597488
278, Intersection of Middle Rd and Woodland Rd.  Allison Park,-79.92728,40.570587
279, Corner of Pearce Mill Road and Babcock Blvd..  Pittsburgh,-79.997032,40.597488
280, Corner of Pearce Mill Road and Babcock Blvd..  Pittsburgh,-79.997032,40.597488
281, S Ridge Rd.  Allison Park,-80.00666,40.588665
282, 1000 Ross Park Mall Drive.  Pittsburgh,-80.00939,40.54266
283, Corner of Pearce Mill Road and Babcock Blvd..  Pittsburgh,-79.997032,40.597488
284, 16 Castle Shannon Blvd.  Mt Lebanon Township,-80.045219,40.377373
285, 1240 Washington Rd.  Pittsburgh,-80.048317,40.365284
286, 16 Castle Shannon Blvd.  Mt Lebanon Township,-80.045219,40.377373
287, 4207 Butler Street.  Pittsburgh,-79.960457,40.470444
288, 401 Biddle Avenue.  Pittsburgh,-79.892113,40.438137
289,. ,,
290, 655 Pennridge Road.  Pittsburgh,-80.017258,40.428551
291, 224 E Eighth Avenue.  Homestead,-79.909813,40.407272
292, 401 Biddle Avenue.  Pittsburgh,-79.892113,40.438137
293,. ,,
294, 2359 West Ingomar Road .  Pittsburgh,-80.081696,40.584347
295, 2359 West Ingomar Road .  Pittsburgh,-80.081696,40.584347
296, 401 Biddle Avenue.  Pittsburgh,-79.892113,40.438137
297, 352 Butler Street Etna PA 15223.  Pittsburgh,-79.94392,40.496241
298, 352 Butler Street Etna PA 15223.  Pittsburgh,-79.94392,40.496241
299, 352 Butler Street Etna PA 15223.  Pittsburgh,-79.94392,40.496241
300, 352 Butler Street Etna PA 15223.  Pittsburgh,-79.94392,40.496241
301, 352 Butler Street Etna PA 15223.  Pittsburgh,-79.94392,40.496241
302, 352 Butler Street Etna PA 15223.  Pittsburgh,-79.94392,40.496241
303, 352 Butler Street Etna PA 15223.  Pittsburgh,-79.94392,40.496241
304, 352 Butler Street Etna PA 15223.  Pittsburgh,-79.94392,40.496241
305, 352 Butler Street Etna PA 15223.  Pittsburgh,-79.94392,40.496241
306, 352 Butler Street Etna PA 15223.  Pittsburgh,-79.94392,40.496241
307, 352 Butler Street Etna PA 15223.  Pittsburgh,-79.94392,40.496241
308, 600 Penn Ave.  Pittsburgh,-80.002187,40.442724
309, 719 Liberty Ave.  Pittsburgh,-79.99923,40.44261
310, 4765 Liberty Ave..  Pittsburgh,-79.947922,40.461079
311, 225 37th Street .  Pittsburgh,-79.963923,40.465831
312, Walnut Street.  Pittsburgh,-79.93341,40.45142
313, 6 Allegheny Square E.  Pittsburgh,-80.003494,40.452225
314, 10 Sherman Street.  Millvale,-79.972046,40.478786
315, 805 Liberty Ave.  Pittsburgh,-79.998634,40.442822
316, 4207 Butler Street.  Pittsburgh,-79.960457,40.470444
317, 2447 Tilbrook Road.  monroeville,-79.76342,40.420403
318, 1801 Dormont Ave.  Pittsburgh,-80.043083,40.396965
319, 723 Washington Road.  Mount Lebanon,-80.044815,40.379456
320, 5 Market Square.  Pittsburgh,-80.002556,40.440346
321, 5981 Baptist Road.  Bethel Park,-80.01411,40.34528
322, 247 North Shore Drive.  Pittsburgh,-80.011673,40.445869
323, Corrigan Drive.  South Park,-80.001671,40.30933
324, 1820 McLaughlin Run Road.  Pittsburgh,-80.076805,40.336601
325, 900 Cedar Blvd.  Pittsburgh,-80.05629,40.375282
326, Meredith Dr.  Venetia,-80.062147,40.278449
327, 1901 Glen Mitchell Rd.  Sewickley,-80.147957,40.546413
328, 601 Filbert Street.  Pittsburgh,-79.933609,40.453491
329,. ,,
330, 601 Filbert Street.  Pittsburgh,-79.933609,40.453491
331, 601 Filbert Street.  Pittsburgh,-79.933609,40.453491
332, 601 Filbert Street.  Pittsburgh,-79.933609,40.453491
333, 601 Filbert Street.  Pittsburgh,-79.933609,40.453491
334, 601 Filbert Street.  Pittsburgh,-79.933609,40.453491
335,. ,,
336, 601 Filbert Street.  Pittsburgh,-79.933609,40.453491
337, 601 Filbert Street.  Pittsburgh,-79.933609,40.453491
338, 1916 Smallman St. (The Strip District).  Pittsburgh,-79.98497,40.451527
339, 1831 E Carson St.  Pittsburgh,-79.979332,40.428696
340, 6617 Hamilton Ave.  Pittsburgh,-79.909891,40.457782
341, 6617 Hamilton Ave.  Pittsburgh,-79.909891,40.457782
342, 6617 Hamilton Ave.  Pittsburgh,-79.909891,40.457782
343, 1831 E Carson St.  Pittsburgh,-79.979332,40.428696
344, 6617 Hamilton Ave.  Pittsburgh,-79.909891,40.457782
345, 1601 East Carson Street Sky Level.  Pittsburgh,-79.982552,40.428871
346, 1000 Ross Municipal Road.  Pittsburgh,-80.007423,40.51635
347, 5220 Library Rd.  Bethel Park,-80.023544,40.33268
348, Kennywood Drive.  West Mifflin,-79.870812,40.393505
349, 708 Brookline Blvd.  Pittsburgh,-80.021233,40.394665
350, 125 W Station Square Dr.  Pittsburgh,-80.004066,40.433167
351, 1600 Smallman Street.  Pittsburgh,-79.987617,40.449604
352,. ,,
353,. ,,
354,. ,,
355,15226.  Pittsburgh,-80.015862,40.398571
356, 1 Allegheny Ave.  Pittsburgh,-80.017372,40.446075
357, Station Square.  Pittsburgh,-80.003711,40.432542
358, Oxford Club.  Wexford,-80.054848,40.626677
359, 225 West Station Square Drive.  Pittsburgh,-80.005486,40.433949
360, 2705 S. Water Street.  Pittsburgh,-79.957462,40.423227
361, Overlook Drive.  Pittsburgh,-79.94216,40.431979
362, 353 North Shore Drive Pittsburgh PA 15212.  Pittsburgh,-80.010818,40.445938
363, 2339 E Carson St.  Pittsburgh,-79.972336,40.428295
364, Corner of Filbert St. and Walnut Street.  Pittsburgh,-79.932976,40.451439
365,. ,,
366, 5000 Stein Drive.  Cranberry Twp,-80.1418349,40.7034012
367, 2120 Broadway Ave.  Pittsburgh,-80.033188,40.404533
368, 466 Castle Shannon Boulevard.  Pittsburgh,-80.033928,40.372467
369, 2120 Broadway Ave.  Pittsburgh,-80.033188,40.404533
370, 2898 Banksville Road.  Pittsburgh,-80.04072,40.40349
371, 3812 William Flinn Hwy Building 4 2nd floor.  Pittsburgh,-79.957314,40.555496
372, 517 Greenfield Ave.  Pittsburgh,-79.941826,40.425671
373, 55 Steen Hollow Road.  Oakdale,-80.169502,40.391678
374, 5843 Brownsville Road.  Pittsburgh,-79.986343,40.327496
375, Offleash Upper Parking Lot.  South Park,-79.997589,40.292603
376, North Shore.  Pittsburgh,-80.013532,40.445305
377, Roberto Clemente Bridge Pittsburgh PA 15222.  Pittsburgh,-80.003166,40.445183
378, 1531 Mayview Rd.  Pittsburgh,-80.110611,40.336674
379, McCandless Township Pennsylvania.  McCandless Township,-80.029968,40.583481
380, North Shore.  Pittsburgh,-80.013532,40.445305
381, 1294 Freedom Rd.  Cranberry Twp,-80.110771,40.68462
382, Corner of Filbert St. and Walnut Street.  Pittsburgh,-79.932976,40.451439
383, 353 North Shore Drive Pittsburgh PA 15212.  Pittsburgh,-80.010818,40.445938
384, 225 37th Street .  Pittsburgh,-79.963923,40.465831
385, 100 Village Club Drive .  Wexford,-80.052842,40.633237
386, 1599 South Dallas St.  Pittsburgh,-79.907282,40.4418409
387, 1317 E Carson Street.  Pittsburgh,-79.984566,40.429131
388, 1800 Preble & Columbus Ave in the RJ Casey Industrial Park.  Pittsburgh,-80.03286,40.456837
389, 544 Miltenberger St.  Pittsburgh,-79.9814,40.437489
390, 3710 Forbes Ave..  Pittsburgh,-79.957092,40.441185
391, 1710 Murray Avenue.  Pittsburgh,-79.92305,40.437515
392, 544 Miltenberger St.  Pittsburgh,-79.9814,40.437489
393, 5972 Baum Blvd.  Pittsburgh,-79.92588,40.460598
394, 1251 Waterfront Place.  Pittsburgh,-79.992393,40.447727
395, 544 Miltenberger St.  Pittsburgh,-79.9814,40.437489
396, 3710 Forbes Ave..  Pittsburgh,-79.957092,40.441185
397, Squirrel Hill (corner of Hobart & Murray).  Pittsburgh,-79.917404,40.432976
398, Squirrel Hill (corner of Hobart & Murray).  Pittsburgh,-79.917404,40.432976
399, Squirrel Hill (corner of Hobart & Murray).  Pittsburgh,-79.917404,40.432976
400, Squirrel Hill (corner of Hobart & Murray).  Pittsburgh,-79.917404,40.432976
401, Squirrel Hill (corner of Hobart & Murray).  Pittsburgh,-79.917404,40.432976
402, Squirrel Hill (corner of Hobart & Murray).  Pittsburgh,-79.917404,40.432976
403, Squirrel Hill (corner of Hobart & Murray).  Pittsburgh,-79.917404,40.432976
404, Squirrel Hill (corner of Hobart & Murray).  Pittsburgh,-79.917404,40.432976
405, 16 Castle Shannon Boulevard Mount Lebanon Pennsylvania 15228-2252 .  Mt Lebanon,-80.045265,40.37701
406, 5801 Forbes Avenue Pittsburgh PA. 15217,-79.922546,40.438122
407, 300 Beechwood Avenue.  Carnegie,-80.085823,40.406994
408, 300 Beechwood Avenue.  Carnegie,-80.085823,40.406994
409, 16 Castle Shannon Boulevard Mount Lebanon Pennsylvania 15228-2252 .  Mt Lebanon,-80.045265,40.37701
410, 5801 Forbes Avenue Pittsburgh PA. 15217,-79.922546,40.438122
411, 300 Beechwood Avenue.  Carnegie,-80.085823,40.406994
412, 300 Beechwood Avenue.  Carnegie,-80.085823,40.406994
413, Boundary St.  Pittsburgh,-79.9501382,40.4361916
414, 13th StreetSarah.  Pittsburgh,-79.9958864,40.4406248
415, 13th StreetSarah.  Pittsburgh,-79.9958864,40.4406248
416, Boundary St.  Pittsburgh,-79.9501382,40.4361916
417, Boundary St.  Pittsburgh,-79.9501382,40.4361916
418, 13th StreetSarah.  Pittsburgh,-79.9958864,40.4406248
419, Overlook Drive.  Pittsburgh,-79.94216,40.431979
420, 1317 E Carson Street.  Pittsburgh,-79.984566,40.429131
421, 612 Smithfield Street.  Pittsburgh,-79.997398,40.441811
422, 286 Main Street.  Pittsburgh,-79.958496,40.46777
423, 425 Cinema Dr.  Pittsburgh,-79.965309,40.427784
424, 3239 Washington Pike .  Bridgeville,-80.119026,40.340977
425, 255 E Ohio St.  Pittsburgh,-80.003014,40.453072
426, 4130 Sardis Rd.  Murrysville,-79.666946,40.455193
427, Corner of Filbert St. and Walnut Street.  Pittsburgh,-79.932976,40.451439
428, 225 West Station Square Drive.  Pittsburgh,-80.005486,40.433949
429, 200 Quinn Dr.  Pittsburgh,-80.178238,40.446812
430, 353 North Shore Drive Pittsburgh PA 15212.  Pittsburgh,-80.010818,40.445938
431, 100 Village Club Drive .  Wexford,-80.052842,40.633237
432, 424 S Main St.  Pittsburgh,-80.033798,40.441303
433, 1294 Freedom Road.  Cranberry,-80.110649,40.684097
434, 18 Highlands Mall.  Natrona Heights,-79.709923,40.646149
435, 1500 Washington Rd..  Pittsburgh,-80.050385,40.355923
436, 1831 E Carson Street ( south side ).  Pittsburgh,-79.979324,40.428879
437, 849 Freeport Rd.  Pittsburgh,-79.891785,40.487
438, 200 East Main Street.  Carnegie,-80.085305,40.40823
439, 5560 William Flynn Hwy.  Gibsonia,-79.940247,40.633209
440, 4006 Berger Ln.  Monroeville,-79.772346,40.437237
441, 477 Melwood Ave.  Pittsburgh,-79.95312,40.455513
442, 1035 S Braddock Ave.  Pittsburgh,-79.894225,40.433416
443, 4115 Butler St.  Pittsburgh,-79.960838,40.469887
444, 809 Liberty Ave..  Pittsburgh,-79.998558,40.442795
445, 1035 S Braddock Ave.  Pittsburgh,-79.894225,40.433416
446, 7101 Hamilton Ave.  Pittsburgh,-79.899214,40.455284
447, 1449 Potomac Avenue.  Dormont,-80.035239,40.39618
448, Internet.  Pittsburgh,-79.995888,40.440624
449, Internet.  Pittsburgh,-79.995888,40.440624
450, 333 Mansfield Avenue.  Pittsburgh,-80.049942,40.421661
451, Internet.  Pittsburgh,-79.995888,40.440624
452,. ,,
453, Internet.  Pittsburgh,-79.995888,40.440624
454, 2120 Broadway Ave.  Pittsburgh,-80.033188,40.404533
455, 850 Boyce Road Suite 10.  Bridgeville,-80.12561,40.328297
456,. ,,
457, 2120 Broadway Ave.  Pittsburgh,-80.033188,40.404533
458, 850 Boyce Road Suite 10.  Bridgeville,-80.12561,40.328297
459,. ,,
460, 5524 Walnut St.  Pittsburgh,-79.932838,40.451405
461, 12071 Perry Hwy.  Wexford,-80.059784,40.633533
462, 12071 Perry Hwy.  Wexford,-80.059784,40.633533
463, 5524 Walnut St.  Pittsburgh,-79.932838,40.451405
464, 12071 Perry Hwy.  Wexford,-80.059784,40.633533
465, 12071 Perry Hwy.  Wexford,-80.059784,40.633533
466, 1000 Ross Municipal Road.  Pittsburgh,-80.007423,40.51635
467, 4909 Penn Ave. .  Pittsburgh,-79.944786,40.465469
468, 4909 Penn Ave. .  Pittsburgh,-79.944786,40.465469
469, 4909 Penn Ave. .  Pittsburgh,-79.944786,40.465469
470, 4909 Penn Ave. .  Pittsburgh,-79.944786,40.465469
471, 4909 Penn Ave. .  Pittsburgh,-79.944786,40.465469
472, 6044 State Route 30.  Greensburg,-79.576874,40.305054
473, 113 N Main St.  Greensburg,-79.544754,40.303875
474, 25 E Pittsburgh St.  Greensburg,-79.543488,40.302612
475,. ,,
476,. ,,
477, 777 Waterwheel Drive.  Champion,-79.2988603,40.0258474
478, 114 Southpointe Blvd..  Canonsburg,-80.162399,40.277706
479, 2000 Village Run Drive.  Wexford,-80.05677,40.633598
480, 6570 Steubenville Pike.  Pittsburgh,-80.16129,40.448326
481, 302 S St Clair St.  Pittsburgh,-79.930554,40.459939
482, 5980 University Blvd.  Coraopolis,-80.21772,40.520031
483,. ,,
484,. ,,
485,. ,,
486,. ,,
487,. ,,
488, 6022 Broad St.  Pittsburgh,-79.923538,40.462173
489, 6022 Broad St.  Pittsburgh,-79.923538,40.462173
490, 6022 Broad St.  Pittsburgh,-79.923538,40.462173
491, 6022 Broad St.  Pittsburgh,-79.923538,40.462173
492, 6022 Broad St.  Pittsburgh,-79.923538,40.462173
493, 580 McClelland Rd.  Canonsburg,-80.150963,40.256481
494, 580 McClelland Rd.  Canonsburg,-80.150963,40.256481
495, 9515 University Blvd.   Coraopolis,-80.221909,40.502056
496, 9515 University Blvd.   Coraopolis,-80.221909,40.502056
497, 2840 Washington Rd.  Mcmurray,-80.09745,40.30378
498,. ,,
499,. ,,
500, 1542 Beechview Ave.  Pittsburgh,-80.024765,40.411114
501,. ,,
502, 5410 Bartlett St.  Pittsburgh,-79.932846,40.434605
503, Schenley Oval (within Schenley Park).  Pittsburgh,-79.949791,40.434441
504, Schenley Oval (within Schenley Park).  Pittsburgh,-79.949791,40.434441
505, Schenley Oval (within Schenley Park).  Pittsburgh,-79.949791,40.434441
506, Schenley Oval (within Schenley Park).  Pittsburgh,-79.949791,40.434441
507, Schenley Oval (within Schenley Park).  Pittsburgh,-79.949791,40.434441
508, Chartiers Valley Shopping Center.  Bridgeville,-80.110056,40.356181
509, 1449 Potomac Avenue.  Dormont,-80.035239,40.39618
510, 2100 Settlers Ridge Center Drive.  Pittsburgh,-80.146538,40.438984
511, 5588 Steubenville Pike.  Robinson Township,-80.137285,40.451304
512, 1449 Potomac Avenue.  Dormont,-80.035239,40.39618
513, 5524 Walnut Street.  Pittsburgh,-79.932755,40.451221
514, 5524 Walnut Street.  Pittsburgh,-79.932755,40.451221
515, 5524 Walnut Street.  Pittsburgh,-79.932755,40.451221
516, 2364 Saunders Station Road.  Monroeville,-79.740486,40.416378
517,. ,,
518, 40th St Lawrenceville Trl.  Pittsburgh,-79.967049,40.471539
519, 15131 White Oak Park.  White Oak,-79.820946,40.356025
520, 1729 Murray Ave.  Pittsburgh,-79.922964,40.437173
521, 2121 Murray Ave.  Pittsburgh,-79.923035,40.433144
522, 425 Pittsburgh Mills Circle.  Tarentum,-79.7965,40.573616
523, 923 Freeport Road.  Pittsburgh,-79.89337,40.489956
524, 1937 Murray Ave Pittsburgh Pennsylvania.  Pittsburgh,-79.922806,40.434963
525, 736 Bellefonte St.  Pittsburgh,-79.934036,40.451477
526, 1712 Murray Avenue.  Pittsburgh,-79.922972,40.437581
527, 4000 Gateway Campus Blvd..  Monroeville,-79.755966,40.429394
528,. ,,
529, 2667 Sidney St.  Pittsburgh,-79.966484,40.428139
530,. ,,
531, 5996 Penn Circle South.  Pittsburgh,-79.925606,40.459621
532, Mt. Washington .  Pittsburgh,-80.010666,40.426743
533, Mt. Washington .  Pittsburgh,-80.010666,40.426743
534, Mt. Washington .  Pittsburgh,-80.010666,40.426743
535, Mt. Washington .  Pittsburgh,-80.010666,40.426743
536, 2100 Murray Ave.  Pittsburgh,-79.923204,40.433531
537, 2100 Murray Ave.  Pittsburgh,-79.923204,40.433531
538, 2100 Murray Ave.  Pittsburgh,-79.923204,40.433531
539, 2100 Murray Ave.  Pittsburgh,-79.923204,40.433531
540, 6401 Penn Ave.  Pittsburgh,-79.917595,40.458889
541, 6401 Penn Ave.  Pittsburgh,-79.917595,40.458889
542, 6401 Penn Ave.  Pittsburgh,-79.917595,40.458889
543, 6401 Penn Ave.  Pittsburgh,-79.917595,40.458889
544, Corner of Filbert St. and Walnut Street.  Pittsburgh,-79.932976,40.451439
545, Oxford Club.  Wexford,-80.054848,40.626677
546,. ,,
547, 3710 Forbes Ave..  Pittsburgh,-79.957092,40.441185
548, 5524 Walnut St.  Pittsburgh,-79.932852,40.451375
549, 5524 Walnut St.  Pittsburgh,-79.932852,40.451375
550, 2717 Sarah St.  Pittsburgh,-79.966716,40.425941
551, 5th Ave & Shady Ave.  Pittsburgh,-79.920715,40.452885
552, 2020 Murray Ave.  Pittsburgh,-79.923019,40.434151
553, 1 Wild Place.  Pittsburgh,-79.920532,40.483517
554, 2020 Murray Ave.  Pittsburgh,-79.923019,40.434151
555, 350 W Station Square Dr.  Pittsburgh,-80.007401,40.434921
556, 300 S. Craig St..  Pittsburgh,-79.949497,40.445651
557, 3800 Forbes Avenue.  Oakland,-79.956929,40.44156
558, 300 S. Craig St..  Pittsburgh,-79.949497,40.445651
559, 2809 E Carson St.  Pittsburgh,-79.965431,40.426212
560, 353 North Shore Drive Pittsburgh PA 15212.  Pittsburgh,-80.010818,40.445938
561, 100 Village Club Drive .  Wexford,-80.052842,40.633237
562, 225 West Station Square Drive.  Pittsburgh,-80.005486,40.433949
563, Corner of Filbert St. and Walnut Street.  Pittsburgh,-79.932976,40.451439
564, 1 Gypsy Glen Rd.  Beaver,-80.317322,40.697281
565, Pierce Mill Road.  Allison Park,-80.00731,40.604774
566, Pierce Mill Road.  Allison Park,-80.015388,40.609348
567, 2447 Tilbrook Road.  monroeville,-79.76342,40.420403
568, 136 Bakery Square Blvd  (aka 6425 Penn Ave).  Pittsburgh,-79.915108,40.456543
569, 136 Bakery Square Blvd  (aka 6425 Penn Ave).  Pittsburgh,-79.915108,40.456543
570, 136 Bakery Square Blvd  (aka 6425 Penn Ave).  Pittsburgh,-79.915108,40.456543
571, 136 Bakery Square Blvd  (aka 6425 Penn Ave).  Pittsburgh,-79.915108,40.456543
572, 1 Allegheny Square.  Pittsburgh,-80.00345,40.452234
573, 5505 Walnut Street.  Pittsburgh,-79.933571,40.45129
574, Overlook Dr..  Pittsburgh,-79.942162,40.43198
575, 212 44th Street.  Pittsburgh,-79.959724,40.47121
576, 312 Center Road.  Monroeville,-79.764221,40.446445
577, 125 W Station Square Dr.  Pittsburgh,-80.004066,40.433167
578, 422 Foreland St.  Pittsburgh,-80.001198,40.454208
579, 422 Foreland St.  Pittsburgh,-80.001198,40.454208
580, 422 Foreland St.  Pittsburgh,-80.001198,40.454208
581, 100 Settlers Ridge Center Dr.  Pittsburgh,-80.151283,40.441742
582, 100 Settlers Ridge Center Dr.  Pittsburgh,-80.151283,40.441742
583, 100 Settlers Ridge Center Dr.  Pittsburgh,-80.151283,40.441742
584, 1209 East Carson Street.  Pittsburgh,-79.985947,40.428951
585, 5326 Butler Street.  Pittsburgh,-79.951508,40.482456
586, 1137 S Braddock Ave.  Pittsburgh,-79.893333,40.432049
587, 3525 Liberty Ave.  Pittsburgh,-79.964433,40.462031
588, 424 South Main St.  Pittsburgh,-80.033824,40.441315
589, 200 Virginia Ave.  Pittsburgh,-80.009666,40.430691
590, 1350 Ewing Rd.  Coraopolis,-80.18604,40.491043
591, 1350 Ewing Rd.  Coraopolis,-80.18604,40.491043
592, 1350 Ewing Rd.  Coraopolis,-80.18604,40.491043
593, 666 Allegheny River Blvd.  Oakmont ,-79.841774,40.520973
594, 310 Allegheny River Blvd.  Oakmont,-79.842987,40.515743
595, 608 Allegheny River Blvd.  Oakmont,-79.842506,40.519798
596, 3266 Beechdale St.  Pittsburgh,-79.967606,40.377327
597, 3266 Beechdale St.  Pittsburgh,-79.967606,40.377327
598, 3266 Beechdale St.  Pittsburgh,-79.967606,40.377327
599, 221 Schenley Drive.  Pittsburgh,-79.953224,40.442894
600, 30 Isabella St # 202.  Pittsburgh,-80.003136,40.448093
601, 6024 Broad St. 3rd Floor.  Pittsburgh,-79.923996,40.46228
602, 5747 Ellsworth Avenue.  Pittsburgh,-79.93,40.450001
603, 5830 Ellsworth Ave.  Pittsburgh,-79.929955,40.45672
604, Greenwood Dr. and Lawnshadow Dr..  Bridgeville,-80.128343,40.333846
605, 210 Racetrack Road.  Washington,-80.202484,40.220531
606, 500 Lakeside Dr.  Canonsburg,-80.133003,40.269016
607, 1500 Washington Road.  Pittsburgh,-80.050346,40.357605
608, 720 Blackburn Road.  Sewickley,-80.177643,40.543304
609, 522 Carnot Road.  Moon Township,-80.220627,40.513222
610, 522 Carnot Road.  Moon Township,-80.220627,40.513222
611, 1918 Murray Avenue.  Pittsburgh,-79.922905,40.435703
612, 1918 Murray Avenue.  Pittsburgh,-79.922905,40.435703
613, 1918 Murray Avenue.  Pittsburgh,-79.922905,40.435703
614, 1900 Murray Ave.  Pittsburgh,-79.922844,40.435764
615, 1900 Murray Ave.  Pittsburgh,-79.922844,40.435764
616, 1900 Murray Ave.  Pittsburgh,-79.922844,40.435764
617, 722 Allegheny River Boulevard 15147.  Verona,-79.843361,40.505508
618,. ,,
619, 5801 Forbes Avenue.  Pittsburgh,-79.922546,40.438122
620,. ,,
621, 876 Progress St.  Pittsburgh,-79.99366,40.452461
622, 171 E. Bridge St..  Homestead,-79.918668,40.407738
623, 70 River Front Drive. 15209,-79.969124,40.47515
624, Corner of Pearce Mill Road and Babcock Blvd..  Pittsburgh,-79.997032,40.597488
625, Canal Road.  Apollo,-79.559685,40.563766
626, 901 Warrendale Village Drive.  Warrendale,-80.091721,40.655525
627, 20111 route 19.  Cranberry Township,-80.101275,40.684382
628, 155 Town Center Dr.  Wexford,-80.053833,40.623138
629, 192 Bakery Square Blvd.  Pittsburgh,-79.915764,40.456928
630, 192 Bakery Square Blvd.  Pittsburgh,-79.915764,40.456928
631, 192 Bakery Square Blvd.  Pittsburgh,-79.915764,40.456928
632,. ,,
633, 401 Biddle Avenue.  Pittsburgh,-79.892113,40.438137
634, 5981 Baptist Road.  Bethel Park,-80.01411,40.34528
635, 3401 Boulevard of the Allies.  Pittsburgh,-79.958084,40.436432
636, 3401 Boulevard of the Allies.  Pittsburgh,-79.958084,40.436432
637, 3401 Boulevard of the Allies.  Pittsburgh,-79.958084,40.436432
638, Pearce Mill Road.  Allison Park,-80.008224,40.606716
639, 2273 Lovi Rd.  Freedom,-80.164513,40.685226
640, 130 S Whitfield St.  Pittsburgh,-79.926414,40.460835
641, 708 Brookline Blvd. .  Pittsburgh,-80.021423,40.394398
642, 710 Washington Road  Right next to Citizens Bank.  Pittsburgh,-79.9958864,40.4406248
643, 200 Quinn Dr Pittsburgh PA 15275.  Pittsburgh,-80.177849,40.446178
644,. ,,
645,. ,,
646,. ,,
647,. ,,
648, 1900 Murray Avenue.  Pittsburgh,-79.923264,40.43586
649, Overlook Dr Pittsburgh PA 15207.  Pittsburgh,-79.94198,40.43277
650, 136 Bakery Square Blvd.  Pittsburgh,-79.915154,40.456512
651, 302 S Saint Clair St.  Pittsburgh,-79.930611,40.459881
652, 116 School Rd. .  Aliquippa 15001,-80.327858,40.543999
653, 116 School Rd. .  Aliquippa 15001,-80.327858,40.543999
654, 859 Pittsburgh St.  Springdale,-79.778358,40.541355
655, 859 Pittsburgh St.  Springdale,-79.778358,40.541355
656, Spring Hill - City View Buente Street 15212.  Pittsburgh,-79.9937609,40.4663307
657, 40th Street.  Pittsburgh,-79.960884,40.46759
658, 500 Thorn Street.  Sewickley,-80.181492,40.538679
659, 16 Castle Shannon Blvd.  Pittsburgh,-80.045264,40.377009
660, 416 Lincoln Avenue.  Millvale,-79.972717,40.480885
661,. ,,
662, 829 Industry Street.  Pittsburgh,-79.992828,40.421104
663, 500 Mansfield Avenue.  Pittsburgh,-80.055344,40.419453
664, 4836 Ellsworth Avenue.  Pittsburgh,-79.945808,40.449139
665, 4836 Ellsworth Avenue.  Pittsburgh,-79.945808,40.449139
666, 20013 Rte 19 .  Cranberry Twp,-80.099838,40.67572
667, 20013 Rte 19 .  Cranberry Twp,-80.099838,40.67572
668, 7238 Fleury Way.  Pittsburgh,-79.895767,40.4557
669, 7238 Fleury Way.  Pittsburgh,-79.895767,40.4557
670, 1900 Murray Avenue.  Pittsburgh,-79.923141,40.435867
671, 1900 Murray Avenue.  Pittsburgh,-79.923141,40.435867
672,. ,,
673, 1539 Washington Rd.  Mt Lebanon,-80.050323,40.355804
674, 333 Mian Street.  Irwin,-79.710724,40.332508
675, 333 Mian Street.  Irwin,-79.710724,40.332508
676, 1937 Murray Ave.  Pittsburgh,-79.922836,40.435524
677, 5607 Baum Blvd. .  Pittsburgh,-79.935402,40.458191
678, 526 Bradys Run Road Beaver Falls PA.  Monaca,-80.3518998,40.7313746
679, 526 Bradys Run Road Beaver Falls PA.  Monaca,-80.3518998,40.7313746
680, 1904 Penn Avenue.  Pittsburgh,-79.984444,40.450714
681, 537 Suismon Street.  Pittsburgh,-79.999817,40.455166
682, Southside Works.  Pittsburgh,-79.965233,40.427914
683, 1155 Washington Pike (Great Southern Shopping Center).  Bridgeville,-80.110054,40.356182
684, 3800 Forbes Avenue.  Oakland,-79.95681,40.441555
685, 3800 Forbes Avenue.  Oakland,-79.95681,40.441555
686, 4326 Butler St.  Pittsburgh,-79.960182,40.470879
687, 507 12 Grant Ave.  Millevale,-79.974312,40.480503
688, 1960 Greentree Road.  Pittsburgh,-80.065971,40.393806
689, 1411 Grandview Ave.  Pittsburgh,-80.021259,40.439104
690, 1808 Golden Mile Highway.  Pittsburgh,-79.71302,40.447395
691, 1808 Golden Mile Highway.  Pittsburgh,-79.71302,40.447395
692, 11369 Center Hwy.  Irwin,-79.733032,40.3297
693, 11369 Center Hwy.  Irwin,-79.733032,40.3297
694,. ,,
695,. ,,
696,. ,,
697,. ,,
698,. ,,
699,. ,,
700, 386 Perry Highway.  West View ,-80.030284,40.517697
701, 386 Perry Highway.  West View ,-80.030284,40.517697
702,. ,,
703,. ,,
704, 849 Freeport Road.  Pittsburgh,-79.891792,40.487
705, 311 Cumberland Rd.  Pittsburgh,-80.033859,40.571995
706,. ,,
707, 250 East Ohio Street.  Pittsburgh,-80.003494,40.453106
708, 300 Cumberland Road.  Pittsburgh,-80.034645,40.571003
709, 4000 Gateway Campus Boulevard.  Monroeville ,-79.752569,40.430062
710, 1050 Windermere Drive.  Pittsburgh,-79.90132,40.424454
711, 1050 Windermere Drive.  Pittsburgh,-79.90132,40.424454
712, 307 Beverly Road.  Pittsburgh,-80.049744,40.388588
713, 3049 Sussex Avenue at McNeilly Road 15226.  Pittsburgh,-80.015648,40.384632
714, 2813 Capital St. White Oak PA.  McKeesport,-79.8232339,40.3539818
715, 2813 Capital St. White Oak PA.  McKeesport,-79.8232339,40.3539818
716,. ,,
717,. ,,
718, 511 East Dr.  Sewickley,-80.18721,40.54636
719, 135 North Bellefield Avenue.  Pittsburgh,-79.952347,40.447372
720, 2898 Banksville Road.  Pittsburgh,-80.04072,40.40349
721, 1294 Freedom Rd.  Cranberry Twp,-80.110771,40.68462
722,. ,,
723, 101 Panther Hollow Road.  Pittsburgh,-79.946861,40.438229
724, 2000 Technology Drive #100  .  Pittsburgh,-79.970299,40.434158
725, 425 Cinema Dr.  Pittsburgh,-79.965073,40.427895
726, 1108 S Braddock Ave.  Pittsburgh,-79.893822,40.432533
727, 1500 Washington Road .  Mount Lebanon ,-80.051872,40.357716
728, 250 McHolme Drive.  Pittsburgh,-80.173676,40.449253
729,. ,,
730,. ,,
731, 3710 Forbes Ave.  Pittsburgh,-79.957092,40.441185
732, 124 South Highland Avenue Shadyside.  Pittsburgh,-79.925323,40.460354
733, 5 Georgetown Rd.  Canonsburg,-80.152222,40.299229
734, 3401 Boulevard of the Allies.  Pittsburgh,-79.958191,40.43631
735, 3049 Sussex Ave.  Pittsburgh,-80.015935,40.384331
736, 425 Cinema Dr.  Pittsburgh,-79.965309,40.427784
737,. ,,
738, 3579 Masonic Way.  Pittsburgh,-80.143122,40.528487
739, 7400 Irvine Street Pittsburgh 15218.  Pittsburgh,-79.889368,40.420637
740, 1507 E Carson St.  Pittsburgh,-79.983063,40.428852
741, 109 Mahaffey Rd.  West Deer Twp,-79.828491,40.620811
742, 6024 Broad Street.  Pittsburgh,-79.923996,40.46228
743, 1620 Penn Avenue.  Pittsburgh,-79.866821,40.442959
744, 4905 5th Ave # 3.  Pittsburgh,-79.944008,40.447315
745, 2717 Sarah St.  Pittsburgh,-79.966716,40.425941
746,. ,,
747, 1251 Waterfront Place Pittsburgh (Seagate Building) 2nd Floor.  Pittsburgh,-79.992393,40.447727
748, 4006 Berger Lane Monroeville PA.  Monroeville,-79.772339,40.437241
749,. ,,
750, 2504 E. Carson St..  Pittsburgh,-79.9696272,40.4275818
751, 16 Castle Shannon Blvd .  Pittsburgh,-80.045384,40.377195
752, Point State Park Pittsburgh PA 15222.  Pittsburgh,-80.0071906,40.4417408
753, Pearce Mill Rd.  McCandless Township,-80.019211,40.613041
754, 4899 William Penn Hwy Murrysville PA 15668.  Pittsburgh,-79.6615748,40.421954
755, 3800 Forbes Avenue.  Oakland,-79.95681,40.441555
756,. ,,
757, 46 Fox Chapel Road.  Pittsburgh,-79.883049,40.488579
758, 6425 Penn Avenue #700.  Pittsburgh,-79.916824,40.457195
759, 4617 Liberty Avenue.  Pittsburgh,-79.950127,40.46257
760, 225 37th Street.  Lawrenceville Pittsburgh,-79.963943,40.465851
761, 5801 Forbes Avenue Pittsburgh PA 15217 PA.  Pittsburgh,-79.922546,40.438122
762, 5401 Centre Ave.  Pittsburgh,-79.938301,40.4561
763, 849 Freeport Rd.  Pittsburgh,-79.891785,40.487
764, 100 Park Manor Dr. Pittsburgh PA.  Pittsburgh,-80.163345,40.4492
765, 1904 Penn Avenue.  Pittsburgh,-79.984444,40.450714
766,. ,,
767,. ,,
768, 130 S Whitfield St.  Pittsburgh,-79.926158,40.461067
769, 1451 Potomac Ave.  Pittsburgh,-80.035248,40.396339
770, 30 Isabella St # 202.  Pittsburgh,-80.003136,40.448093
771, 100 Adams Ridge Boulevard.  Mars,-80.050003,40.684216
772, 1688 Murray Ave.  Pittsburgh,-79.922989,40.438274
773, 1150 Freeport Rd.  Fox Chapel,-79.87941,40.488106
774, Water Street.  Rochester,-80.27977,40.698479
775, 10 N. Cherry Ave Floor 2 Suite 200.  Houston,-80.2094462,40.2516274
776, 4023 Butler Street Lawrenceville.  Pittsburgh,-79.961594,40.469284
777, 1515 East Carson Street.  Pittsburgh,-79.982803,40.429001
778, 1500 Washington Rd.  Pittsburgh,-80.050438,40.356956
779, 5933 Baum Blvd.  Pittsburgh,-79.926735,40.460442
780,. ,,
781, 5801 Forbes Ave..  Pittsburgh,-79.922531,40.438118
782, 102-104 Woodland Rd..  Pittsburgh,-79.923445,40.447242
783, 563 Greenfield Avenue.  Pittsburgh,-79.940178,40.426186
784, 1500 Washington Road.  Mount Lebanon,-80.050377,40.35762
785, 4430 William Penn Hwy.  Murrysville,-79.67942,40.426567
786, 1294 Freedom Rd.  Cranberry Twp,-80.110771,40.68462
787, 3000 Pennsylvania 18.  Hookstown,-80.42531,40.503017
788, 300 South Craig St.  Pittsburgh,-79.94915,40.445522
789, 100 Wagner Rd.  Monaca,-80.309761,40.680405
790, 5221 Baum Blvd.  Pittsburgh,-79.941635,40.45604
791, 1595 Washington Pike.  Bridgeville,-80.094559,40.382366
792, 525 William Penn Pl - 11th Floor.  Pittsburgh,-79.997711,40.440193
793, 40.58746 -79.99034.  Allison Park,-79.94426,40.60347
794,. ,,
795, 1 Schenley Park.  Pittsburgh,-79.94738,40.439167
796, 809 Liberty Ave.  Pittsburgh,-79.998611,40.442883
797, 800 Rock Run Road.  Elizabeth,-79.803024,40.273411
798, 1531 Mayview Rd.  Pittsburgh,-80.11061,40.336674
799, 1601 East Carson Street Sky Level.  Pittsburgh,-79.982552,40.428871
800, 6617 Hamilton Ave.  Pittsburgh,-79.909981,40.457626
801, 1820 McLaughlin Run Road.  Upper St. Clair,-80.074104,40.335747
802, Walnut St.  Pittsburgh,-79.981834,40.41604
803, 4743 S Pioneer Rd.  Allison Park,-79.948814,40.59502
804, 501 Second Street.  Oakmont,-79.84634,40.51794
805, 100 West Station Square Dr. Suite 500 (Landmarks Building).  Pittsburgh,-80.003815,40.433418
806,. ,,
807,. ,,
808, 306 Main St..  Irwin,-79.7107859,40.3327208
809,. ,,
810, 3202 North Hills Road.  Murrysville,-79.694237,40.428642
811, 425 Cinema Drive.  Pittsburgh,-79.96505,40.428066
812, 2447 Tilbrook Road.  monroeville,-79.76342,40.420403
813, 1000 Cranberry Square Drive.  Cranberry Township,-80.105179,40.690861
814, Royal Avenue.  Coraopolis,-80.14325,40.511669
815,  6425 Penn Ave.  Pittsburgh,-79.915756,40.45705
816, 5024 Curry Rd.  Pittsburgh,-79.995625,40.349767
817, 1230 Federal Street.  Pittsburgh,-80.006935,40.456447
818, 5604 Solway Street.  Pittsburgh,-79.926748,40.442868
819,. ,,
820, 885 Progress Street.  Pittsburgh,-79.993027,40.452621
821, 1595 Washington Pike.  Bridgeville,-80.094536,40.382366
822, 114 Southpointe Blvd. .  Canonsburg,-80.171205,40.298311
823, 8402 University Blvd..  Moon Township,-80.224573,40.509119
824, 1710 Murray Avenue.  Pittsburgh,-79.92305,40.437515
825, 245 East Waterfront Drive Homestead PA 15120.  Pittsburgh,-79.9132525,40.4113236
826, 4836 Ellsworth Ave.  Pittsburgh,-79.94622,40.44937
827, 100 West Station Square Drive.  PITTSBURGH,-80.003815,40.433418